Timestamp,Device_ID,Temp_Sensor,Vibration_Level,Voltage_Fluctuation,Signal_Strength,Runtime_Hours,Error_Code,Vibration_Rolling3
2025-01-01 00:00,DVC-009,73.71,0.87,0.047,89.7,34,0,0.87
2025-01-01 00:10,DVC-007,71.4,0.76,0.053,87.6,51,0,0.76
2025-01-01 00:20,DVC-006,72.35,1.12,0.06,86.0,40,0,1.12
2025-01-01 00:30,DVC-001,72.26,0.51,0.054,86.1,80,0,0.51
2025-01-01 00:40,DVC-005,72.09,1.13,0.062,86.7,92,0,1.13
2025-01-01 00:50,DVC-008,76.31,1.2,0.057,97.5,58,0,1.2
2025-01-01 01:00,DVC-010,73.82,0.88,0.045,89.7,11,0,0.88
2025-01-01 01:10,DVC-009,72.84,1.1,0.057,87.1,68,0,0.9850000000000001
2025-01-01 01:20,DVC-005,68.34,0.55,0.055,88.4,189,0,0.84
2025-01-01 01:30,DVC-004,70.42,1.03,0.049,89.8,22,0,1.03
2025-01-01 01:40,DVC-007,71.82,0.9,0.054,85.0,110,0,0.8300000000000001
2025-01-01 01:50,DVC-002,72.37,1.01,0.047,82.9,83,0,1.01
2025-01-01 02:00,DVC-007,72.65,1.15,0.052,88.8,152,0,0.9366666666666666
2025-01-01 02:10,DVC-008,71.87,1.01,0.046,94.6,108,0,1.105
2025-01-01 02:20,DVC-001,72.59,0.37,0.065,95.0,145,0,0.44
2025-01-01 02:30,DVC-008,68.06,0.47,0.062,87.0,206,0,0.8933333333333332
2025-01-01 02:40,DVC-005,71.57,0.81,0.057,93.7,286,0,0.8300000000000001
2025-01-01 02:50,DVC-010,70.9,0.7,0.051,99.1,56,0,0.79
2025-01-01 03:00,DVC-002,73.57310052270792,1.04,0.052,84.8,181,1,1.025
2025-01-01 03:10,DVC-005,69.64,1.12,0.066,92.2,312,0,0.8266666666666668
2025-01-01 03:20,DVC-004,69.87,0.67,0.034,85.8,102,0,0.8500000000000001
2025-01-01 03:30,DVC-005,72.52,0.99,0.067,86.3,357,0,0.9733333333333333
2025-01-01 03:40,DVC-007,69.79,1.11,0.05,84.9,198,0,1.0533333333333335
2025-01-01 03:50,DVC-003,72.34,0.67,0.057,88.8,63,0,0.67
2025-01-01 04:00,DVC-007,72.79,0.84,0.048,86.7,214,0,1.0333333333333334
2025-01-01 04:10,DVC-005,74.05,0.92,0.063,86.1,421,0,1.01
2025-01-01 04:20,DVC-009,68.58,1.12,0.055,91.4,128,0,1.03
2025-01-01 04:30,DVC-003,71.56,0.88,0.054,85.4,88,0,0.775
2025-01-01 04:40,DVC-003,72.63,0.7,0.047,90.6,181,0,0.75
2025-01-01 04:50,DVC-002,71.49,0.64,0.066,91.1,227,0,0.8966666666666666
2025-01-01 05:00,DVC-007,72.63,1.31,0.06,91.8,247,0,1.0866666666666667
2025-01-01 05:10,DVC-004,69.46,1.06,0.044,80.0,180,0,0.92
2025-01-01 05:20,DVC-003,70.5,0.42,0.035,90.3,212,0,0.6666666666666666
2025-01-01 05:30,DVC-007,69.66,0.72,0.046,90.5,310,0,0.9566666666666667
2025-01-01 05:40,DVC-005,72.08,0.83,0.063,80.5,473,0,0.9133333333333334
2025-01-01 05:50,DVC-004,71.91,1.01,0.043,88.4,232,0,0.9133333333333334
2025-01-01 06:00,DVC-009,72.12,1.1,0.058,89.7,191,0,1.1066666666666667
2025-01-01 06:10,DVC-007,74.03,1.03,0.047,80.9,347,0,1.02
2025-01-01 06:20,DVC-002,72.29,0.88,0.067,86.8,257,0,0.8533333333333334
2025-01-01 06:30,DVC-006,68.98,1.2,0.05,89.3,90,0,1.1600000000000001
2025-01-01 06:40,DVC-001,74.64158718379399,0.67,0.10339810518795041,81.54066140529449,217,0,0.5166666666666667
2025-01-01 06:50,DVC-005,74.70729030738809,0.45,0.1044945651085036,83.02682976588763,541,0,0.7333333333333334
2025-01-01 07:00,DVC-005,74.78768130895904,0.91,0.11348475867445659,75.91771678823052,562,0,0.7300000000000001
2025-01-01 07:10,DVC-002,72.16,1.21,0.058,84.9,305,1,0.91
2025-01-01 07:20,DVC-010,70.99,0.74,0.05,83.7,87,0,0.7733333333333333
2025-01-01 07:30,DVC-003,69.07,0.51,0.055,75.4,309,0,0.5433333333333333
2025-01-01 07:40,DVC-006,73.85,0.92,0.061,93.8,152,0,1.08
2025-01-01 07:50,DVC-009,74.06,0.73,0.07,85.5,247,0,0.9833333333333334
2025-01-01 08:00,DVC-007,73.25,0.71,0.028,78.2,363,0,0.82
2025-01-01 08:10,DVC-010,74.03,0.52,0.05,84.3,177,0,0.6533333333333333
2025-01-01 08:20,DVC-002,70.12,1.0,0.079,88.2,380,0,1.03
2025-01-01 08:30,DVC-010,75.0,0.85,0.051,99.5,254,0,0.7033333333333333
2025-01-01 08:40,DVC-004,72.02,0.94,0.056,76.3,250,0,1.0033333333333334
2025-01-01 08:50,DVC-008,70.87,1.07,0.046,93.5,259,0,0.85
2025-01-01 09:00,DVC-002,72.82,0.9,0.071,88.4,414,0,1.0366666666666666
2025-01-01 09:10,DVC-010,72.62,0.61,0.049,84.7,341,0,0.66
2025-01-01 09:20,DVC-005,70.4,0.76,0.064,75.0,652,0,0.7066666666666667
2025-01-01 09:30,DVC-003,73.87,0.79,0.045,85.5,332,0,0.5733333333333334
2025-01-01 09:40,DVC-008,74.08,1.09,0.071,94.7,307,0,0.8766666666666666
2025-01-01 09:50,DVC-009,71.96,1.15,0.073,81.8,275,0,0.9933333333333333
2025-01-01 10:00,DVC-004,73.45,0.88,0.066,88.1,293,0,0.9433333333333334
2025-01-01 10:10,DVC-005,72.4,0.76,0.081,83.7,718,0,0.81
2025-01-01 10:20,DVC-009,71.32,0.96,0.047,78.9,298,0,0.9466666666666667
2025-01-01 10:30,DVC-009,74.02777616959271,0.69,0.07870890499622234,71.38453704480648,388,0,0.9333333333333332
2025-01-01 10:40,DVC-006,73.65703525564201,0.75,0.07750424428598085,76.5348275594315,231,0,0.9566666666666667
2025-01-01 10:50,DVC-009,72.61609618954733,1.02,0.09320895884281971,82.13250658834222,408,0,0.89
2025-01-01 11:00,DVC-003,69.55,0.86,0.082,83.9,401,1,0.7200000000000001
2025-01-01 11:10,DVC-007,69.49,1.2,0.047,89.9,377,0,0.98
2025-01-01 11:20,DVC-005,72.58,0.7,0.075,86.6,793,0,0.7399999999999999
2025-01-01 11:30,DVC-004,70.34,0.97,0.067,86.4,341,0,0.93
2025-01-01 11:40,DVC-004,71.76,0.88,0.065,89.3,440,0,0.9100000000000001
2025-01-01 11:50,DVC-005,70.61,0.93,0.066,70.9,843,0,0.7966666666666667
2025-01-01 12:00,DVC-001,70.72,0.74,0.046,91.0,227,0,0.5933333333333334
2025-01-01 12:10,DVC-008,70.08,0.92,0.048,86.0,363,0,1.0266666666666668
2025-01-01 12:20,DVC-008,72.27,0.67,0.07,98.4,452,0,0.8933333333333334
2025-01-01 12:30,DVC-005,71.2,0.7,0.075,80.8,863,0,0.7766666666666667
2025-01-01 12:40,DVC-004,71.6,0.87,0.075,84.9,496,0,0.9066666666666667
2025-01-01 12:50,DVC-001,76.32,0.79,0.063,88.2,308,0,0.7333333333333334
2025-01-01 13:00,DVC-007,73.65,0.83,0.057,89.0,432,0,0.9133333333333332
2025-01-01 13:10,DVC-004,71.59,0.71,0.054,85.9,537,0,0.82
2025-01-01 13:20,DVC-004,72.66,1.02,0.076,81.1,573,0,0.8666666666666667
2025-01-01 13:30,DVC-005,74.53,0.75,0.076,79.4,927,0,0.7933333333333333
2025-01-01 13:40,DVC-006,72.63,0.65,0.063,85.4,248,0,0.7733333333333334
2025-01-01 13:50,DVC-008,74.32,0.6,0.062,85.2,505,0,0.73
2025-01-01 14:00,DVC-006,72.05,1.0,0.053,79.8,294,0,0.8000000000000002
2025-01-01 14:10,DVC-006,71.65,0.65,0.058,87.9,386,0,0.7666666666666667
2025-01-01 14:20,DVC-007,77.14096860931116,1.02,0.07575795601291957,83.00072026571607,528,0,1.0166666666666666
2025-01-01 14:30,DVC-009,70.341349270912,0.88,0.09804671075036506,75.9737265150309,477,0,0.8633333333333333
2025-01-01 14:40,DVC-008,72.04270795165095,1.07,0.09259868860821482,73.66421827901827,591,0,0.7800000000000001
2025-01-01 14:50,DVC-005,74.43,1.11,0.094,79.3,1002,1,0.8533333333333334
2025-01-01 15:00,DVC-006,70.94,0.65,0.037,82.8,441,0,0.7666666666666666
2025-01-01 15:10,DVC-002,75.05,1.01,0.071,90.1,462,0,0.9700000000000001
2025-01-01 15:20,DVC-001,70.8,0.98,0.071,81.1,375,0,0.8366666666666666
2025-01-01 15:30,DVC-006,73.8,0.91,0.042,94.3,496,0,0.7366666666666667
2025-01-01 15:40,DVC-007,72.28,0.91,0.057,86.1,600,0,0.9199999999999999
2025-01-01 15:50,DVC-008,72.11,0.47,0.062,80.7,657,0,0.7133333333333334
2025-01-01 16:00,DVC-001,68.66,0.41,0.047,75.0,456,0,0.7266666666666667
2025-01-01 16:10,DVC-001,71.73,1.04,0.081,77.0,546,0,0.8099999999999999
2025-01-01 16:20,DVC-002,71.98,0.73,0.064,88.9,515,0,0.88
2025-01-01 16:30,DVC-002,73.55,0.83,0.086,86.7,598,0,0.8566666666666668
2025-01-01 16:40,DVC-001,71.73,0.53,0.079,71.3,569,0,0.66
2025-01-01 16:50,DVC-001,72.35,0.36,0.065,75.6,647,0,0.6433333333333334
2025-01-01 17:00,DVC-008,73.6,0.77,0.063,84.5,728,0,0.77
2025-01-01 17:10,DVC-009,69.15,0.96,0.054,77.6,555,0,0.9533333333333333
2025-01-01 17:20,DVC-010,73.14,0.8,0.03,75.8,372,0,0.7533333333333334
2025-01-01 17:30,DVC-001,74.69,0.47,0.077,82.1,721,0,0.4533333333333333
2025-01-01 17:40,DVC-007,71.63,1.02,0.077,82.9,690,0,0.9833333333333333
2025-01-01 17:50,DVC-004,72.26,0.7,0.064,87.3,616,0,0.8099999999999999
2025-01-01 18:00,DVC-010,72.99,0.73,0.051,85.4,403,0,0.7133333333333334
2025-01-01 18:10,DVC-001,72.94,0.79,0.088,77.6,746,0,0.54
2025-01-01 18:20,DVC-003,71.68,1.09,0.062,78.2,420,0,0.9133333333333334
2025-01-01 18:30,DVC-002,76.61,0.88,0.064,80.2,673,0,0.8133333333333334
2025-01-01 18:40,DVC-010,73.96372480397496,0.5,0.1146677345135399,79.16924883339621,456,0,0.6766666666666667
2025-01-01 18:50,DVC-008,70.79677301813662,0.91,0.09793674618719993,80.6604029154522,814,0,0.7166666666666668
2025-01-01 19:00,DVC-005,74.71882683710578,0.71,0.14438761936253033,74.27539819011564,1033,0,0.8566666666666668
2025-01-01 19:10,DVC-002,74.4,0.91,0.076,93.1,712,1,0.8733333333333334
2025-01-01 19:20,DVC-006,75.19,0.71,0.052,86.4,565,0,0.7566666666666667
2025-01-01 19:30,DVC-003,72.76,0.73,0.048,85.0,478,0,0.8933333333333332
2025-01-01 19:40,DVC-003,70.66,0.64,0.06,67.6,507,0,0.82
2025-01-01 19:50,DVC-007,70.68,0.9,0.055,85.0,787,0,0.9433333333333332
2025-01-01 20:00,DVC-008,71.76,0.89,0.072,74.8,833,0,0.8566666666666668
2025-01-01 20:10,DVC-007,71.58,0.97,0.061,80.2,810,0,0.9633333333333333
2025-01-01 20:20,DVC-005,73.08,0.66,0.07,78.1,1061,0,0.8266666666666668
2025-01-01 20:30,DVC-010,71.96,0.7,0.061,78.4,492,0,0.6433333333333332
2025-01-01 20:40,DVC-008,70.98,0.77,0.079,75.0,887,0,0.8566666666666668
2025-01-01 20:50,DVC-002,77.6295436088536,0.96,0.09851926474387748,81.3023187093473,780,0,0.9166666666666666
2025-01-01 21:00,DVC-008,76.56584570854233,0.78,0.11608621140642841,77.08270210747311,933,0,0.8133333333333335
2025-01-01 21:10,DVC-009,74.25730389418484,0.75,0.08956110102984818,71.77268707470246,617,0,0.8633333333333333
2025-01-01 21:20,DVC-005,72.71,0.79,0.082,76.6,1134,1,0.7200000000000001
2025-01-01 21:30,DVC-009,68.78,1.09,0.056,75.3,632,0,0.9333333333333335
2025-01-01 21:40,DVC-002,73.9492350368035,0.86,0.13888100147608504,73.7637425175858,816,0,0.91
2025-01-01 21:50,DVC-006,72.70012416747252,0.34,0.1059710095555523,77.45693199480435,616,0,0.6533333333333333
2025-01-01 22:00,DVC-002,73.352399535837,0.95,0.13000011719059043,75.05448431257336,916,0,0.9233333333333332
2025-01-01 22:10,DVC-001,76.03911877039349,0.74,0.085,73.3,803,1,0.6666666666666666
2025-01-01 22:20,DVC-010,76.81,0.82,0.049,80.7,539,0,0.6733333333333332
2025-01-01 22:30,DVC-003,74.91741490434296,0.74,0.0987303055816554,71.08540149441119,598,0,0.7033333333333333
2025-01-01 22:40,DVC-003,72.94308702505627,0.89,0.0798440813909258,70.962470518086,697,0,0.7566666666666665
2025-01-01 22:50,DVC-008,72.1044468350521,0.6,0.09569888043960695,77.25413066195111,1008,0,0.7166666666666668
2025-01-01 23:00,DVC-005,73.86151163079549,1.29,0.12191979615594854,70.04163888170667,1216,1,0.9133333333333334
2025-01-01 23:10,DVC-003,73.52239417157976,0.81,0.09946494239081086,72.09143330915094,712,0,0.8133333333333331
2025-01-01 23:20,DVC-008,78.4402724223355,0.63,0.14858179936490826,70.35025839904276,1070,0,0.67
2025-01-01 23:30,DVC-008,71.2228422965765,1.07,0.16414671375639484,80.19331819654151,1100,1,0.7666666666666667
2025-01-01 23:40,DVC-010,75.60781567505329,0.47,0.11735835799697311,67.99430993262614,578,0,0.6633333333333332
2025-01-01 23:50,DVC-004,74.74797164077522,1.12,0.1516533917289829,67.44677263583598,626,1,0.9466666666666667
2025-01-02 00:00,DVC-001,74.86199558128094,0.88,0.1375715756426512,64.59227421660768,890,1,0.8033333333333333
2025-01-02 00:10,DVC-001,74.67946630797655,0.49,0.11719901287684859,70.07064342837607,919,0,0.7033333333333333
2025-01-02 00:20,DVC-009,70.63,1.23,0.025,78.3,713,1,1.0233333333333334
2025-01-02 00:30,DVC-009,72.17,0.88,0.051,75.3,759,0,1.0666666666666667
2025-01-02 00:40,DVC-008,72.97,1.0,0.084,81.0,1162,0,0.9
2025-01-02 00:50,DVC-003,71.84,0.56,0.052,81.5,774,0,0.7533333333333333
2025-01-02 01:00,DVC-002,71.06,1.0,0.082,81.4,973,0,0.9366666666666665
2025-01-02 01:10,DVC-007,70.12,1.02,0.076,85.2,883,0,0.9633333333333333
2025-01-02 01:20,DVC-003,71.67,0.86,0.036,73.4,860,0,0.7433333333333333
2025-01-02 01:30,DVC-007,75.95,0.81,0.061,92.5,970,0,0.9333333333333332
2025-01-02 01:40,DVC-001,66.85,1.09,0.089,65.0,955,0,0.82
2025-01-02 01:50,DVC-008,74.91,1.03,0.092,86.7,1179,0,1.0333333333333334
2025-01-02 02:00,DVC-006,75.43,0.29,0.041,84.3,679,0,0.4466666666666666
2025-01-02 02:10,DVC-009,72.79,1.23,0.048,76.9,798,0,1.1133333333333333
2025-01-02 02:20,DVC-001,73.88,0.93,0.093,67.4,998,0,0.8366666666666668
2025-01-02 02:30,DVC-008,74.32,0.93,0.098,76.4,1189,0,0.9866666666666667
2025-01-02 02:40,DVC-007,69.62,1.05,0.055,75.0,1032,0,0.96
2025-01-02 02:50,DVC-008,71.52,1.04,0.091,85.8,1236,0,1.0
2025-01-02 03:00,DVC-006,75.01,0.78,0.071,81.4,717,0,0.47000000000000003
2025-01-02 03:10,DVC-007,73.07,0.88,0.058,83.4,1103,0,0.9133333333333332
2025-01-02 03:20,DVC-008,74.92037034902566,1.08,0.12936223039544104,72.62636484461316,1303,0,1.0166666666666668
2025-01-02 03:30,DVC-007,71.57313650889132,0.97,0.09116153302301626,74.82255824017423,1150,0,0.9666666666666665
2025-01-02 03:40,DVC-005,72.4717117474368,0.81,0.1406597553815569,75.55265284147082,1278,0,0.9633333333333334
2025-01-02 03:50,DVC-004,74.02,0.93,0.076,84.0,719,1,0.9166666666666666
2025-01-02 04:00,DVC-008,76.15179535052532,0.76,0.13389306649811206,79.69973202722875,1319,0,0.96
2025-01-02 04:10,DVC-002,75.58628923884004,0.95,0.18527830129137743,63.200221676341755,1044,0,0.9666666666666667
2025-01-02 04:20,DVC-004,72.14568637420571,0.92,0.14039418756192068,65.16618627913022,751,0,0.9899999999999999
2025-01-02 04:30,DVC-002,73.67252816947357,1.15,0.1792890841234357,68.65894052236452,1109,1,1.0333333333333332
2025-01-02 04:40,DVC-002,73.66956240208549,0.84,0.12943655405092963,75.13931722043769,1149,1,0.98
2025-01-02 04:50,DVC-005,73.93092823045767,0.8,0.1034573919825917,75.55439279275593,1293,0,0.9666666666666668
2025-01-02 05:00,DVC-003,71.51,0.9,0.068,74.9,939,1,0.7733333333333333
2025-01-02 05:10,DVC-006,70.2,0.39,0.065,81.9,785,0,0.48666666666666664
2025-01-02 05:20,DVC-006,74.06,0.66,0.074,85.6,843,0,0.61
2025-01-02 05:30,DVC-009,75.6971401634047,1.57,0.07612587744179763,79.11429249245853,833,0,1.2266666666666666
2025-01-02 05:40,DVC-009,76.29118337423519,1.28,0.09874889295605238,75.18173615127233,909,0,1.36
2025-01-02 05:50,DVC-007,74.16990792277596,0.8,0.07233600467966018,73.27792516385433,1214,0,0.8833333333333332
2025-01-02 06:00,DVC-009,73.77,1.34,0.055,75.3,1003,1,1.3966666666666667
2025-01-02 06:10,DVC-008,70.56,0.74,0.086,80.1,1408,0,0.86
2025-01-02 06:20,DVC-010,73.43,0.62,0.045,72.4,657,0,0.6366666666666667
2025-01-02 06:30,DVC-001,75.44172599898393,1.13,0.09389730242578442,61.68526990188495,1054,0,1.05
2025-01-02 06:40,DVC-002,75.15652054051426,0.71,0.13209760113168156,79.1812302257547,1176,0,0.8999999999999999
2025-01-02 06:50,DVC-004,71.41119014027738,1.07,0.07429835526351383,63.772493247024336,788,0,0.9733333333333333
2025-01-02 07:00,DVC-001,70.89,0.52,0.084,74.5,1080,1,0.86
2025-01-02 07:10,DVC-005,73.15,1.0,0.089,71.7,1326,0,0.8700000000000001
2025-01-02 07:20,DVC-006,68.52,0.67,0.075,78.8,884,0,0.5733333333333334
2025-01-02 07:30,DVC-007,73.23293092160979,0.69,0.11565436123614321,76.7852704969783,1254,0,0.8199999999999998
2025-01-02 07:40,DVC-001,75.35779276294828,0.24,0.12261328390393395,64.13188965669227,1105,0,0.63
2025-01-02 07:50,DVC-005,72.26728282295085,0.82,0.13445555724394048,67.17469750478445,1395,0,0.8733333333333334
2025-01-02 08:00,DVC-006,72.77,0.49,0.073,83.8,896,1,0.6066666666666667
2025-01-02 08:10,DVC-003,71.19,0.69,0.061,64.4,952,0,0.8166666666666665
2025-01-02 08:20,DVC-007,70.87004525775629,1.13,0.11711722084372439,72.4710043833644,1353,0,0.8733333333333331
2025-01-02 08:30,DVC-010,74.07494149839339,0.92,0.12498668894643622,77.7024059714934,712,0,0.6699999999999999
2025-01-02 08:40,DVC-001,73.52356648630722,0.8,0.14386154584894115,57.65340450472953,1176,0,0.52
2025-01-02 08:50,DVC-005,75.41,0.73,0.092,79.7,1455,1,0.85
2025-01-02 09:00,DVC-004,72.78,0.6,0.083,81.9,850,0,0.8633333333333333
2025-01-02 09:10,DVC-005,71.71,0.9,0.101,80.8,1502,0,0.8166666666666668
2025-01-02 09:20,DVC-002,75.71810834084106,1.14,0.15725574905727147,83.53718615760462,1206,0,0.8966666666666666
2025-01-02 09:30,DVC-003,74.93102922083796,0.76,0.08267090840862303,72.16951406063527,978,0,0.7833333333333332
2025-01-02 09:40,DVC-010,75.19963267252824,1.19,0.06990346211966092,68.90779459905859,791,0,0.91
2025-01-02 09:50,DVC-008,70.63568677694413,0.84,0.13754492819570213,74.95618865474535,1439,1,0.7799999999999999
2025-01-02 10:00,DVC-009,74.58360360275675,1.19,0.08205356674499786,56.10534465930357,1098,0,1.2699999999999998
2025-01-02 10:10,DVC-006,77.76052511196988,0.92,0.1366672981843658,71.98548808778156,952,0,0.6933333333333334
2025-01-02 10:20,DVC-002,74.72558676550157,0.62,0.1358933271670832,74.94707335785134,1245,1,0.8233333333333334
2025-01-02 10:30,DVC-010,73.55421310712535,0.68,0.10943648438446674,75.60992403341768,846,0,0.93
2025-01-02 10:40,DVC-003,68.48,0.84,0.075,68.7,988,1,0.7633333333333332
2025-01-02 10:50,DVC-007,74.55,0.96,0.073,80.5,1370,0,0.9266666666666664
2025-01-02 11:00,DVC-007,70.2,0.74,0.081,83.7,1437,0,0.943333333333333
2025-01-02 11:10,DVC-006,71.96,0.68,0.068,88.1,985,0,0.6966666666666667
2025-01-02 11:20,DVC-006,71.71,0.57,0.07,77.9,1073,0,0.7233333333333333
2025-01-02 11:30,DVC-008,73.56,0.54,0.1,85.5,1537,0,0.7066666666666667
2025-01-02 11:40,DVC-003,75.84244937537142,0.71,0.10749018726558862,66.60228573863965,1017,0,0.7699999999999999
2025-01-02 11:50,DVC-007,71.73258653253579,0.59,0.15182129013260165,68.92142628926412,1478,0,0.7633333333333332
2025-01-02 12:00,DVC-005,79.80257209489672,0.61,0.1443269505741627,61.70838095416572,1567,0,0.7466666666666667
2025-01-02 12:10,DVC-005,72.72084293404811,0.56,0.1367526559102643,59.25100629832728,1593,1,0.6900000000000001
2025-01-02 12:20,DVC-004,72.02,0.96,0.072,74.5,897,1,0.8766666666666666
2025-01-02 12:30,DVC-008,67.39,1.02,0.096,84.1,1595,0,0.8000000000000002
2025-01-02 12:40,DVC-002,70.95,0.96,0.114,77.1,1325,0,0.9066666666666667
2025-01-02 12:50,DVC-008,70.89027841005829,0.6,0.11579137818270488,72.26784060021365,1630,0,0.7200000000000001
2025-01-02 13:00,DVC-008,72.29502514178017,1.19,0.16321850389350015,79.43458111861673,1677,0,0.9366666666666666
2025-01-02 13:10,DVC-001,74.72475115719584,0.82,0.15652116264149404,55.85641550695,1219,0,0.62
2025-01-02 13:20,DVC-002,71.96856553496602,0.98,0.1308601164715348,65.81352580842868,1363,1,0.8533333333333334
2025-01-02 13:30,DVC-003,75.76870360056976,0.71,0.1399251660151586,52.020563265638835,1087,0,0.7533333333333333
2025-01-02 13:40,DVC-004,75.51146910129113,1.3,0.1269504552924389,69.79596935722384,939,1,0.9533333333333335
2025-01-02 13:50,DVC-006,76.20401956317627,0.75,0.16634454550900288,65.46479391989669,1131,0,0.6666666666666666
2025-01-02 14:00,DVC-002,76.65603674613797,0.88,0.16528040429327132,68.57467500437821,1447,1,0.94
2025-01-02 14:10,DVC-010,74.02343113001916,0.79,0.10260352641238102,76.19647622124056,885,0,0.8866666666666667
2025-01-02 14:20,DVC-004,70.2,1.2,0.091,74.9,987,1,1.1533333333333333
2025-01-02 14:30,DVC-004,72.81,0.98,0.089,70.6,1001,0,1.16
2025-01-02 14:40,DVC-007,74.79,0.85,0.056,78.7,1523,0,0.7266666666666666
2025-01-02 14:50,DVC-009,70.39,1.1,0.056,77.7,1177,0,1.21
2025-01-02 15:00,DVC-009,73.79,1.1,0.077,71.4,1198,0,1.1300000000000001
2025-01-02 15:10,DVC-003,68.44,0.89,0.058,60.4,1183,0,0.7699999999999999
2025-01-02 15:20,DVC-008,75.79074111541509,0.71,0.1465685660016125,72.10464695458596,1731,0,0.8333333333333334
2025-01-02 15:30,DVC-005,77.79661260254693,0.74,0.16209832812385883,70.38244439066209,1612,0,0.6366666666666667
2025-01-02 15:40,DVC-007,74.07737784964024,1.13,0.17396629843514333,53.292626320275254,1614,0,0.8566666666666665
2025-01-02 15:50,DVC-006,76.56436018651486,0.78,0.1431282668274322,67.41586259142248,1147,1,0.7000000000000001
2025-01-02 16:00,DVC-009,74.23958532143034,1.35,0.08023580246900108,63.49645049552791,1230,1,1.1833333333333333
2025-01-02 16:10,DVC-008,67.98,0.73,0.126,87.7,1746,1,0.8766666666666666
2025-01-02 16:20,DVC-007,71.54,1.01,0.083,74.5,1695,0,0.9966666666666665
2025-01-02 16:30,DVC-008,71.42,0.62,0.098,81.1,1796,0,0.6866666666666666
2025-01-02 16:40,DVC-003,72.49,0.65,0.062,67.8,1239,0,0.75
2025-01-02 16:50,DVC-009,72.08,1.03,0.058,64.0,1272,0,1.1600000000000001
2025-01-02 17:00,DVC-003,69.32,0.72,0.048,66.1,1304,0,0.7533333333333333
2025-01-02 17:10,DVC-002,75.32,0.83,0.121,71.5,1539,0,0.8966666666666666
2025-01-02 17:20,DVC-010,73.65455585487125,0.96,0.12468047938114937,69.79351061341046,983,0,0.81
2025-01-02 17:30,DVC-010,71.08493655227944,0.85,0.09460422105690938,69.71887226623679,1075,0,0.8666666666666666
2025-01-02 17:40,DVC-008,73.96622077119997,0.51,0.14339839358439754,72.46103937730491,1874,0,0.62
2025-01-02 17:50,DVC-005,69.59,1.24,0.081,70.3,1677,1,0.8466666666666667
2025-01-02 18:00,DVC-009,74.86926202622621,1.13,0.09824689244055991,67.09428054321575,1356,0,1.17
2025-01-02 18:10,DVC-005,72.7299010571759,0.68,0.1355352184957378,55.17477924729589,1695,0,0.8866666666666667
2025-01-02 18:20,DVC-007,76.27188771419584,1.39,0.15397032419069662,62.49168418158468,1757,0,1.1766666666666665
2025-01-02 18:30,DVC-008,75.8178062622623,0.7,0.15009210575995252,65.89120347740685,1913,1,0.61
2025-01-02 18:40,DVC-007,74.27544127209622,1.22,0.09179404139918695,70.07274395767094,1846,0,1.2066666666666663
2025-01-02 18:50,DVC-001,74.58937673468698,0.62,0.15112214794302264,53.27517518685788,1276,1,0.7466666666666667
2025-01-02 19:00,DVC-007,75.66654265463222,1.04,0.09339101355745735,68.88353712612569,1922,0,1.2166666666666666
2025-01-02 19:10,DVC-008,72.60578168543587,0.77,0.1396144589462901,73.69806802882464,1966,0,0.66
2025-01-02 19:20,DVC-002,71.41,1.23,0.124,69.5,1612,1,0.98
2025-01-02 19:30,DVC-002,70.99,0.92,0.115,72.9,1691,0,0.9933333333333333
2025-01-02 19:40,DVC-007,74.96801408719794,0.73,0.11730746443149817,67.48012697086112,1984,0,0.9966666666666665
2025-01-02 19:50,DVC-006,72.12336157302502,0.73,0.09353607174702291,68.43725109149818,1221,0,0.7533333333333334
2025-01-02 20:00,DVC-004,71.26861898649396,1.06,0.14438765569440715,76.84270423623514,1092,0,1.08
2025-01-02 20:10,DVC-004,72.51,0.66,0.097,73.8,1188,1,0.9
2025-01-02 20:20,DVC-008,72.22,1.01,0.09,77.5,2010,0,0.8266666666666667
2025-01-02 20:30,DVC-001,71.2314536509083,0.59,0.14359274671445754,63.026919253015265,1343,0,0.6766666666666666
2025-01-02 20:40,DVC-007,74.21343332733727,0.92,0.110251154191514,80.12763233942387,2066,0,0.8966666666666665
2025-01-02 20:50,DVC-002,71.30612600053118,0.86,0.15635149501315154,75.86571314166862,1701,0,1.0033333333333332
2025-01-02 21:00,DVC-007,74.83107626144552,0.93,0.1142507218568825,74.43316891331747,2123,1,0.8599999999999999
2025-01-02 21:10,DVC-004,73.7443170059325,0.92,0.12601015173370483,64.77823057723712,1236,0,0.8800000000000002
2025-01-02 21:20,DVC-006,76.48236735495027,1.11,0.11674953616867106,71.29602565491729,1284,0,0.8733333333333334
2025-01-02 21:30,DVC-005,71.32,0.73,0.117,71.2,1769,1,0.8833333333333333
2025-01-02 21:40,DVC-010,72.89,0.71,0.053,60.7,1137,0,0.8399999999999999
2025-01-02 21:50,DVC-006,73.3,1.02,0.079,82.6,1382,0,0.9533333333333333
2025-01-02 22:00,DVC-007,71.98,1.19,0.069,76.8,2149,0,1.0133333333333332
2025-01-02 22:10,DVC-005,72.88,0.72,0.118,69.2,1791,0,0.71
2025-01-02 22:20,DVC-002,76.66,0.81,0.137,69.2,1719,0,0.8633333333333333
2025-01-02 22:30,DVC-002,71.38,1.04,0.128,74.4,1782,0,0.9033333333333333
2025-01-02 22:40,DVC-002,72.6,1.02,0.146,72.3,1864,0,0.9566666666666667
2025-01-02 22:50,DVC-004,72.32,0.82,0.108,72.0,1306,0,0.8000000000000002
2025-01-02 23:00,DVC-005,70.55,1.16,0.115,65.5,1877,0,0.87
2025-01-02 23:10,DVC-005,71.41,0.79,0.111,56.6,1974,0,0.89
2025-01-02 23:20,DVC-008,68.29520448817568,0.8,0.1309400353652417,84.33247229294598,2054,0,0.86
2025-01-02 23:30,DVC-008,76.4627773424856,1.3,0.14280219045070142,70.54359965493141,2121,0,1.0366666666666666
2025-01-02 23:40,DVC-004,75.35764407744625,0.67,0.12081057020956534,59.58274311945182,1356,0,0.8033333333333333
2025-01-02 23:50,DVC-001,72.13,0.81,0.105,69.0,1370,1,0.6733333333333333
2025-01-03 00:00,DVC-008,71.77,1.06,0.134,79.1,2209,0,1.0533333333333335
2025-01-03 00:10,DVC-010,76.67,0.66,0.086,67.6,1147,0,0.7399999999999999
2025-01-03 00:20,DVC-010,72.61,0.87,0.075,67.0,1217,0,0.7466666666666667
2025-01-03 00:30,DVC-003,72.44182241606902,0.71,0.10104134542288733,66.95087427477439,1314,0,0.6933333333333332
2025-01-03 00:40,DVC-009,76.53352651758402,0.99,0.12105694921229933,58.59499140460673,1424,0,1.05
2025-01-03 00:50,DVC-004,73.09996690263617,0.83,0.15647004328781433,65.999943746621,1423,0,0.7733333333333334
2025-01-03 01:00,DVC-010,68.36,0.92,0.071,71.8,1241,1,0.8166666666666668
2025-01-03 01:10,DVC-002,71.95,1.1,0.146,74.4,1924,0,1.0533333333333335
2025-01-03 01:20,DVC-001,75.21,0.71,0.103,54.2,1406,0,0.7033333333333333
2025-01-03 01:30,DVC-009,71.19,0.64,0.061,62.6,1446,0,0.9199999999999999
2025-01-03 01:40,DVC-001,68.85,0.71,0.123,67.7,1451,0,0.7433333333333333
2025-01-03 01:50,DVC-007,73.59,0.71,0.081,72.8,2192,0,0.9433333333333332
2025-01-03 02:00,DVC-006,72.74,0.54,0.067,84.4,1406,0,0.89
2025-01-03 02:10,DVC-007,69.17,1.38,0.08,64.2,2246,0,1.093333333333333
2025-01-03 02:20,DVC-005,69.56,0.77,0.135,55.7,2045,0,0.9066666666666667
2025-01-03 02:30,DVC-004,68.82,0.67,0.08,67.7,1452,0,0.7233333333333335
2025-01-03 02:40,DVC-008,70.5694768178717,1.02,0.14092762348053037,71.1015527512963,2276,0,1.1266666666666667
2025-01-03 02:50,DVC-008,71.19035653020343,0.96,0.14214203293940728,70.43425482583841,2300,0,1.0133333333333334
2025-01-03 03:00,DVC-001,72.53296638854572,0.53,0.15279248953111443,59.144045238479436,1511,0,0.65
2025-01-03 03:10,DVC-004,74.0228830156643,1.07,0.16078396986796992,60.417026678025955,1539,1,0.8566666666666668
2025-01-03 03:20,DVC-007,75.25675143629873,0.6,0.15358736473456042,72.81233092839845,2334,0,0.8966666666666665
2025-01-03 03:30,DVC-010,73.36622126152031,0.72,0.12621018499770262,67.6732998901818,1332,0,0.8366666666666666
2025-01-03 03:40,DVC-007,70.72253668691667,0.88,0.11742601319957312,57.93836279686742,2430,1,0.9533333333333331
2025-01-03 03:50,DVC-001,73.75594943847015,0.91,0.15255524510686352,53.798363099492825,1587,1,0.7166666666666668
2025-01-03 04:00,DVC-007,77.61483635268017,0.81,0.10147743499085113,55.714139463660885,2450,0,0.7633333333333332
2025-01-03 04:10,DVC-006,77.33699283416618,0.73,0.1630735715816342,71.45525202829587,1423,0,0.7633333333333333
2025-01-03 04:20,DVC-001,75.74580704248507,0.74,0.16837187479441035,56.3500223843273,1669,1,0.7266666666666667
2025-01-03 04:30,DVC-004,70.33,0.95,0.099,70.4,1628,1,0.8966666666666668
2025-01-03 04:40,DVC-006,72.55,0.83,0.075,82.6,1460,0,0.7000000000000001
2025-01-03 04:50,DVC-004,69.46,0.93,0.11,54.7,1718,0,0.9833333333333334
2025-01-03 05:00,DVC-002,69.44,0.56,0.135,80.6,1997,0,0.8933333333333334
2025-01-03 05:10,DVC-002,72.1,0.96,0.155,77.5,2022,0,0.8733333333333334
2025-01-03 05:20,DVC-008,72.04,0.72,0.114,74.6,2337,0,0.9
2025-01-03 05:30,DVC-004,71.8,1.0,0.102,71.9,1769,0,0.96
2025-01-03 05:40,DVC-007,70.86,1.16,0.066,68.2,2537,0,0.9499999999999998
2025-01-03 05:50,DVC-009,73.79,0.92,0.061,69.8,1470,0,0.85
2025-01-03 06:00,DVC-009,74.35,1.08,0.069,67.7,1539,0,0.88
2025-01-03 06:10,DVC-010,72.63,0.71,0.078,70.9,1432,0,0.7833333333333333
2025-01-03 06:20,DVC-008,71.85,0.86,0.126,74.2,2436,0,0.8466666666666667
2025-01-03 06:30,DVC-007,72.82,0.53,0.083,62.0,2600,0,0.8333333333333331
2025-01-03 06:40,DVC-009,73.6745610115338,0.6,0.10659797702302867,50.57336452215321,1638,0,0.8666666666666667
2025-01-03 06:50,DVC-004,72.12021853221,1.15,0.12036945455049028,45.928640079393084,1849,0,1.0266666666666666
2025-01-03 07:00,DVC-002,73.54387470247458,0.52,0.18925459118996607,67.13279537339547,2122,0,0.68
2025-01-03 07:10,DVC-007,71.05866354958067,1.25,0.111420434972687,67.19330021830214,2661,1,0.9799999999999999
2025-01-03 07:20,DVC-002,74.54150123918468,1.06,0.18433273861383087,64.67595215781832,2189,0,0.8466666666666667
2025-01-03 07:30,DVC-009,73.46472377766054,0.87,0.10570571688975156,52.89159802095649,1726,0,0.85
2025-01-03 07:40,DVC-008,75.71,0.55,0.109,72.9,2467,1,0.71
2025-01-03 07:50,DVC-003,71.42,0.74,0.05,68.2,1410,0,0.7233333333333333
2025-01-03 08:00,DVC-006,72.35,0.98,0.066,81.6,1503,0,0.8466666666666667
2025-01-03 08:10,DVC-001,68.48,0.64,0.091,58.7,1734,0,0.7633333333333333
2025-01-03 08:20,DVC-005,72.06079274786065,0.61,0.15358819310669614,51.557812599680645,2105,0,0.7233333333333333
2025-01-03 08:30,DVC-006,74.03527446826023,1.06,0.11958757565865669,71.01067250535864,1567,0,0.9566666666666667
2025-01-03 08:40,DVC-005,72.91291321043452,0.72,0.15162220768998697,56.194161905186895,2200,0,0.7000000000000001
2025-01-03 08:50,DVC-008,70.78,0.87,0.099,75.8,2494,1,0.7600000000000001
2025-01-03 09:00,DVC-010,70.32,0.69,0.076,57.9,1504,0,0.7066666666666667
2025-01-03 09:10,DVC-003,71.79,1.03,0.076,70.9,1452,0,0.8266666666666665
2025-01-03 09:20,DVC-010,73.53383649383395,1.01,0.10254405026072394,52.77469477332601,1579,0,0.8033333333333332
2025-01-03 09:30,DVC-004,71.50463662356069,0.93,0.15928187529657356,57.70609870909641,1903,0,1.0266666666666666
2025-01-03 09:40,DVC-006,74.47665806596427,0.97,0.11777789581203707,72.13855847302045,1618,0,1.0033333333333332
2025-01-03 09:50,DVC-009,78.54483255127461,0.9,0.12839977669874147,49.34811970525622,1816,1,0.79
2025-01-03 10:00,DVC-006,76.93931742060629,1.17,0.10013518425340955,63.38568751943851,1700,0,1.0666666666666667
2025-01-03 10:10,DVC-006,73.6104868729155,1.05,0.09751111019192754,69.35910399261904,1718,0,1.0633333333333332
2025-01-03 10:20,DVC-007,77.57,1.32,0.086,63.2,2755,1,1.0333333333333332
2025-01-03 10:30,DVC-005,72.45,0.88,0.112,67.8,2278,0,0.7366666666666667
2025-01-03 10:40,DVC-010,75.72,0.61,0.079,60.7,1622,0,0.7699999999999999
2025-01-03 10:50,DVC-010,76.04,0.79,0.082,62.4,1721,0,0.8033333333333332
2025-01-03 11:00,DVC-002,71.79,0.86,0.152,72.6,2230,0,0.8133333333333334
2025-01-03 11:10,DVC-010,69.2612916851975,1.05,0.09724059769327606,47.38706569712092,1797,0,0.8166666666666668
2025-01-03 11:20,DVC-010,73.88358283827603,0.83,0.09184124000410568,55.60798679816247,1838,0,0.8900000000000001
2025-01-03 11:30,DVC-008,75.0725405017423,0.98,0.18154783619342016,68.26090778808548,2593,0,0.8000000000000002
2025-01-03 11:40,DVC-001,74.57151115718759,0.41,0.15094940060122514,47.86307391437024,1808,1,0.5966666666666667
2025-01-03 11:50,DVC-005,73.81594341547125,0.9,0.1598981273428982,60.995748757347,2333,0,0.8333333333333334
2025-01-03 12:00,DVC-010,75.16532666311997,1.15,0.10037331989899202,59.92794247514429,1899,0,1.01
2025-01-03 12:10,DVC-007,70.7135544217005,0.87,0.12713780855094037,63.702122362147584,2838,1,1.1466666666666665
2025-01-03 12:20,DVC-002,73.80714184473256,0.94,0.20333313661262295,58.2492431742403,2250,0,0.9533333333333333
2025-01-03 12:30,DVC-008,74.24738232132317,0.82,0.1856816057851498,58.247920702287146,2683,0,0.89
2025-01-03 12:40,DVC-007,73.67905544664454,0.82,0.130223822950157,62.994591450354136,2928,1,1.0033333333333332
2025-01-03 12:50,DVC-009,70.64,1.08,0.083,54.1,1896,1,0.9500000000000001
2025-01-03 13:00,DVC-010,70.13,1.08,0.07,54.2,1979,0,1.02
2025-01-03 13:10,DVC-006,71.82,0.66,0.074,73.5,1746,0,0.96
2025-01-03 13:20,DVC-005,75.03357971391435,0.79,0.1731814827662523,53.4908556401416,2405,0,0.8566666666666666
2025-01-03 13:30,DVC-008,77.30673851859495,0.85,0.14944244694680037,61.79460837587424,2715,0,0.8833333333333333
2025-01-03 13:40,DVC-002,73.60618066647224,1.01,0.17813851821995969,69.55054065987387,2309,0,0.9366666666666666
2025-01-03 13:50,DVC-009,69.6,1.36,0.072,61.8,1984,1,1.1133333333333335
2025-01-03 14:00,DVC-010,69.48,0.59,0.079,54.6,1991,0,0.94
2025-01-03 14:10,DVC-004,76.05,1.52,0.125,64.3,1967,0,1.2
2025-01-03 14:20,DVC-008,72.95,0.82,0.13,70.2,2731,0,0.83
2025-01-03 14:30,DVC-003,71.96183207045647,0.69,0.0813105191808253,50.843871486592015,1531,0,0.8199999999999998
2025-01-03 14:40,DVC-008,76.08740890239592,0.73,0.15651456764261984,61.17144998286541,2771,0,0.7999999999999999
2025-01-03 14:50,DVC-009,72.54512409728503,1.07,0.10230382272311828,53.579346702431096,2076,0,1.1700000000000002
2025-01-03 15:00,DVC-002,74.1,1.41,0.154,72.7,2367,1,1.12
2025-01-03 15:10,DVC-002,71.87,1.2,0.168,71.7,2464,0,1.2066666666666668
2025-01-03 15:20,DVC-006,74.76,0.68,0.087,80.6,1805,0,0.7966666666666667
2025-01-03 15:30,DVC-010,74.91973635714221,0.93,0.10240172754459796,59.952287464412294,2067,0,0.8666666666666667
2025-01-03 15:40,DVC-010,76.103221188332,0.57,0.12246614395822782,49.128959785449496,2113,0,0.6966666666666667
2025-01-03 15:50,DVC-007,73.46278330396454,0.92,0.11490577815007347,62.843443858256435,2949,0,0.8699999999999998
2025-01-03 16:00,DVC-005,73.05702241378218,0.62,0.1762428368161985,68.4281282073113,2471,1,0.77
2025-01-03 16:10,DVC-009,78.13622173718818,1.04,0.1384523641984716,38.98748828544255,2158,0,1.156666666666667
2025-01-03 16:20,DVC-005,79.20230801145017,0.84,0.17354012492227439,48.15374600262231,2511,0,0.75
2025-01-03 16:30,DVC-003,73.61714331841904,0.59,0.11752873081816882,52.424383798955915,1579,1,0.7699999999999999
2025-01-03 16:40,DVC-001,73.24,0.63,0.108,54.9,1885,1,0.5599999999999999
2025-01-03 16:50,DVC-010,72.37241236269266,1.02,0.12004519927566258,52.41862643720762,2198,0,0.84
2025-01-03 17:00,DVC-010,73.44856764287653,0.77,0.09246848772101798,46.82741097827542,2261,0,0.7866666666666666
2025-01-03 17:10,DVC-002,71.69953090139406,0.71,0.20120406539322877,53.228261656230956,2536,0,1.1066666666666667
2025-01-03 17:20,DVC-007,70.97,0.95,0.082,69.9,3046,1,0.8966666666666665
2025-01-03 17:30,DVC-002,70.9,0.87,0.158,69.7,2620,0,0.9266666666666666
2025-01-03 17:40,DVC-002,72.89,1.01,0.18,64.2,2670,0,0.8633333333333333
2025-01-03 17:50,DVC-006,72.3,1.0,0.094,85.2,1823,0,0.7799999999999999
2025-01-03 18:00,DVC-003,73.42,0.37,0.066,55.2,1608,0,0.5499999999999998
2025-01-03 18:10,DVC-005,72.56,0.73,0.143,63.5,2597,0,0.73
2025-01-03 18:20,DVC-008,70.44527166642465,0.52,0.16247618729498833,53.552246161145035,2821,0,0.69
2025-01-03 18:30,DVC-003,75.0154066545984,0.44,0.11247272378371316,50.87137879995057,1656,0,0.4666666666666665
2025-01-03 18:40,DVC-007,74.68928492666198,0.97,0.12652573460443575,68.28835310299124,3097,0,0.9466666666666664
2025-01-03 18:50,DVC-008,75.19,0.79,0.112,75.3,2882,1,0.68
2025-01-03 19:00,DVC-001,72.53,0.55,0.134,49.4,1896,0,0.53
2025-01-03 19:10,DVC-005,76.45,0.74,0.101,53.9,2669,0,0.77
2025-01-03 19:20,DVC-005,71.19,0.88,0.129,66.8,2753,0,0.7833333333333333
2025-01-03 19:30,DVC-009,72.8588497622057,1.0,0.1136529327800046,49.41786462149717,2220,0,1.0366666666666668
2025-01-03 19:40,DVC-010,74.3730699310427,0.89,0.10812510758099418,49.62109279836434,2348,0,0.8933333333333334
2025-01-03 19:50,DVC-008,73.87695757046119,1.07,0.1771314175478551,63.264565660111224,2892,0,0.7933333333333334
2025-01-03 20:00,DVC-005,75.23,0.53,0.139,52.2,2833,1,0.7166666666666668
2025-01-03 20:10,DVC-006,73.42842687448585,0.69,0.12237757959582272,75.36357780743671,1903,0,0.79
2025-01-03 20:20,DVC-004,74.25210556707898,1.08,0.16215921421951096,56.06847486980785,2046,0,1.1766666666666667
2025-01-03 20:30,DVC-010,74.09585440925038,0.85,0.13662087713665622,47.75591551007451,2416,0,0.8366666666666666
2025-01-03 20:40,DVC-010,72.16,1.18,0.084,61.5,2446,1,0.9733333333333333
2025-01-03 20:50,DVC-002,71.9760758417827,1.08,0.20960447073810798,60.76319914442981,2689,0,0.9866666666666667
2025-01-03 21:00,DVC-005,75.36432102149722,0.75,0.1803859988353768,59.0769848227057,2897,0,0.7200000000000001
2025-01-03 21:10,DVC-009,78.0322257998678,0.86,0.1293604034426726,36.542292155952865,2268,0,0.9666666666666668
2025-01-03 21:20,DVC-004,72.5330758898293,0.95,0.15408335719732502,62.34433361553619,2115,1,1.1833333333333333
2025-01-03 21:30,DVC-007,75.55199691498058,0.73,0.1252714087929422,62.37402108214158,3194,0,0.8833333333333332
2025-01-03 21:40,DVC-002,72.90487326415122,0.75,0.210418568276389,59.854544686859754,2783,1,0.9466666666666667
2025-01-03 21:50,DVC-010,77.65627803441119,0.97,0.16480825196259058,40.06526455543744,2485,0,1.0
2025-01-03 22:00,DVC-010,74.45890082948127,0.55,0.14177895155051418,41.88441760571271,2520,0,0.9
2025-01-03 22:10,DVC-008,71.29802872478687,0.81,0.1689697482169258,69.47556332942179,2970,1,0.8900000000000001
2025-01-03 22:20,DVC-003,75.04,1.33,0.091,62.0,1716,1,0.7133333333333333
2025-01-03 22:30,DVC-006,72.01,0.82,0.083,71.6,1981,0,0.8366666666666666
2025-01-03 22:40,DVC-009,72.83,0.84,0.06,42.2,2306,0,0.9
2025-01-03 22:50,DVC-002,68.27,0.9,0.167,61.7,2814,0,0.9100000000000001
2025-01-03 23:00,DVC-009,67.55,1.05,0.076,46.4,2366,0,0.9166666666666666
2025-01-03 23:10,DVC-008,71.71993970817066,0.96,0.169115785840287,68.1100803515639,3064,0,0.9466666666666668
2025-01-03 23:20,DVC-003,74.25202069570963,1.0,0.10423207715770799,57.13691812824602,1766,0,0.9233333333333332
2025-01-03 23:30,DVC-004,76.16196421649545,1.05,0.15641159598780985,47.138556156626194,2187,0,1.0266666666666666
2025-01-03 23:40,DVC-010,76.22,0.75,0.077,52.0,2562,1,0.7566666666666667
2025-01-03 23:50,DVC-002,71.35,1.15,0.174,60.9,2888,0,0.9333333333333335
2025-01-04 00:00,DVC-001,70.93,0.77,0.15,50.0,1988,0,0.65
2025-01-04 00:10,DVC-001,74.9704626263886,0.95,0.1854365537932377,45.46465849453721,2020,0,0.7566666666666667
2025-01-04 00:20,DVC-004,75.72545944068419,0.84,0.15677439218982214,52.150317673069,2211,0,0.9466666666666667
2025-01-04 00:30,DVC-003,77.4549842825701,0.77,0.08581117534536262,59.69279093994069,1863,0,1.0333333333333332
2025-01-04 00:40,DVC-002,73.59,0.8,0.18,62.6,2955,1,0.9500000000000002
2025-01-04 00:50,DVC-007,73.8,0.74,0.073,72.3,3254,0,0.8133333333333331
2025-01-04 01:00,DVC-008,71.74766580062239,0.63,0.17291374623152622,75.5532422832788,3084,0,0.7999999999999999
2025-01-04 01:10,DVC-008,73.01343686534118,0.75,0.2170690302131255,61.98607045442867,3136,0,0.7799999999999999
2025-01-04 01:20,DVC-006,73.38481346354484,1.14,0.17639983932274905,60.82368984248391,2050,0,0.8833333333333333
2025-01-04 01:30,DVC-009,74.3655900166401,1.27,0.11982989455301493,40.15143853299131,2453,1,1.0533333333333335
2025-01-04 01:40,DVC-007,72.24,1.21,0.085,72.7,3345,1,0.8933333333333332
2025-01-04 01:50,DVC-010,74.3332662093741,0.94,0.0945934002586149,37.77782293363371,2649,0,0.7466666666666667
2025-01-04 02:00,DVC-010,76.31082736999616,0.66,0.1708332924555367,29.83377052096754,2731,0,0.7833333333333333
2025-01-04 02:10,DVC-008,79.5114929000701,0.73,0.21377248702243234,55.26557541724323,3163,0,0.7033333333333333
2025-01-04 02:20,DVC-007,74.26713901068864,0.69,0.14789858560836963,56.23551498655794,3397,1,0.8799999999999999
2025-01-04 02:30,DVC-010,68.9879949296852,0.74,0.11858562265040436,34.58096297342651,2754,1,0.7799999999999999
2025-01-04 02:40,DVC-001,74.82981364016639,0.76,0.1852648350104255,37.65362024959371,2060,0,0.8266666666666667
2025-01-04 02:50,DVC-010,70.47,0.78,0.089,46.7,2817,1,0.7266666666666667
2025-01-04 03:00,DVC-002,70.83,0.82,0.18,64.1,3051,0,0.9233333333333335
2025-01-04 03:10,DVC-003,72.21,0.88,0.061,62.1,1878,0,0.8833333333333332
2025-01-04 03:20,DVC-004,76.82609357075847,1.05,0.16532015151152302,35.19403497622755,2251,0,0.9800000000000001
2025-01-04 03:30,DVC-003,72.28051720137162,0.78,0.11253221130079262,47.75007861631924,1911,0,0.8099999999999999
2025-01-04 03:40,DVC-008,72.940775975941,0.85,0.17925528240651772,64.68423881890766,3247,0,0.7766666666666667
2025-01-04 03:50,DVC-001,74.05,0.45,0.121,50.4,2104,1,0.7200000000000001
2025-01-04 04:00,DVC-008,76.91,0.71,0.142,69.1,3261,0,0.7633333333333333
2025-01-04 04:10,DVC-003,75.55,0.78,0.072,62.7,1972,0,0.8133333333333331
2025-01-04 04:20,DVC-003,76.04964517523455,1.25,0.10292274637138422,41.135538041226724,2023,0,0.9366666666666665
2025-01-04 04:30,DVC-010,71.4569654052697,0.75,0.1420060029484664,33.300325721480036,2860,0,0.7566666666666667
2025-01-04 04:40,DVC-010,74.15271534475141,0.53,0.13564765280824648,34.12896859278628,2893,0,0.6866666666666666
2025-01-04 04:50,DVC-002,72.85,1.05,0.17,47.4,3130,1,0.8900000000000001
2025-01-04 05:00,DVC-002,72.47,1.13,0.196,58.1,3186,0,1.0
2025-01-04 05:10,DVC-009,75.22216843214031,0.7,0.083,48.5,2486,1,1.0066666666666668
2025-01-04 05:20,DVC-005,72.61351487147765,0.72,0.19258871920080806,56.046778016709524,2992,0,0.6666666666666666
2025-01-04 05:30,DVC-005,76.12116831379693,1.26,0.16227769985040624,54.70974803256889,3020,0,0.91
2025-01-04 05:40,DVC-007,71.46867113496683,0.98,0.11563715031259629,57.38457294176359,3487,0,0.9599999999999999
2025-01-04 05:50,DVC-002,77.63,0.92,0.186,58.3,3206,1,1.0333333333333334
2025-01-04 06:00,DVC-008,71.75,0.93,0.148,71.8,3278,0,0.8300000000000001
2025-01-04 06:10,DVC-008,73.55,1.04,0.154,61.0,3307,0,0.8933333333333334
2025-01-04 06:20,DVC-004,75.03903199084934,1.28,0.15389463564617156,42.57722033853035,2278,0,1.0566666666666666
2025-01-04 06:30,DVC-002,76.73598422959645,1.04,0.2649569195820603,45.57006485691782,3269,0,1.03
2025-01-04 06:40,DVC-007,78.42160181853048,0.93,0.19880047422350544,54.827873290032464,3551,0,0.8666666666666666
2025-01-04 06:50,DVC-010,75.67760444018289,0.7,0.2030084248581098,22.76095081931291,2940,1,0.66
2025-01-04 07:00,DVC-010,78.68352427468436,1.46,0.21480155021384906,26.37399597765924,3012,1,0.8966666666666666
2025-01-04 07:10,DVC-003,74.98413940521725,0.68,0.1663782289207639,49.8053855282896,2078,1,0.9033333333333332
2025-01-04 07:20,DVC-006,72.8269577201741,0.66,0.1317126420770613,62.726789387454936,2131,1,0.8733333333333334
2025-01-04 07:30,DVC-010,72.12,0.76,0.069,35.4,3046,1,0.9733333333333333
2025-01-04 07:40,DVC-007,74.43,0.88,0.087,68.6,3580,0,0.9299999999999998
2025-01-04 07:50,DVC-007,68.65,0.85,0.081,54.1,3628,0,0.8866666666666666
2025-01-04 08:00,DVC-003,71.22,0.85,0.078,49.2,2129,0,0.9266666666666664
2025-01-04 08:10,DVC-004,74.31216988864783,0.99,0.18881381360501456,56.6272919286818,2349,0,1.1066666666666667
2025-01-04 08:20,DVC-005,76.48001227429376,0.75,0.2110268440484193,41.24864415484062,3074,0,0.91
2025-01-04 08:30,DVC-006,79.76801102596737,0.36,0.1574659467044401,61.426673810865225,2164,0,0.7200000000000001
2025-01-04 08:40,DVC-004,71.53907814725652,0.86,0.16764357884128248,53.38881182114033,2383,1,1.0433333333333332
2025-01-04 08:50,DVC-008,71.58,1.43,0.145,71.4,3374,1,1.1333333333333335
2025-01-04 09:00,DVC-001,74.5906661070318,0.86,0.17498338724718981,48.423402105697136,2158,0,0.6900000000000001
2025-01-04 09:10,DVC-007,80.29772111184005,0.7,0.1564409919925982,50.87469351354857,3708,0,0.8099999999999997
2025-01-04 09:20,DVC-005,76.27691011069707,0.52,0.2278516669363307,49.54917989861666,3152,0,0.8433333333333333
2025-01-04 09:30,DVC-002,73.51954218145663,1.28,0.20611844791041659,50.42595564195603,3290,1,1.08
2025-01-04 09:40,DVC-001,74.6,0.8,0.132,37.0,2193,1,0.7033333333333335
2025-01-04 09:50,DVC-004,72.61,0.91,0.136,50.1,2420,0,0.9199999999999999
2025-01-04 10:00,DVC-008,71.4,0.72,0.156,75.5,3429,0,1.0633333333333332
2025-01-04 10:10,DVC-008,77.32055829047493,0.86,0.18526918220483365,58.0299429542129,3474,0,1.0033333333333332
2025-01-04 10:20,DVC-001,72.59496313455453,1.07,0.16629265524768688,54.30648793975905,2211,0,0.9100000000000001
2025-01-04 10:30,DVC-003,74.05570093836198,0.99,0.16740108396476036,31.1359896039662,2172,0,0.8399999999999999
2025-01-04 10:40,DVC-003,70.56853354574308,0.86,0.13999042486857738,27.195434799105627,2257,1,0.8999999999999998
2025-01-04 10:50,DVC-003,74.80438910934919,0.74,0.10655282351838954,45.86440234619425,2282,0,0.8633333333333332
2025-01-04 11:00,DVC-008,76.84694781327418,1.04,0.18825693450366515,55.6781273286118,3545,1,0.8733333333333334
2025-01-04 11:10,DVC-001,72.13135262300159,0.69,0.1772940541161405,39.800722465343824,2275,0,0.8533333333333334
2025-01-04 11:20,DVC-007,73.53254572920427,1.12,0.11437131448038415,53.70558484143344,3798,0,0.8899999999999998
2025-01-04 11:30,DVC-002,73.21,1.12,0.198,53.1,3389,1,1.1466666666666667
2025-01-04 11:40,DVC-002,68.87,0.85,0.213,55.2,3404,0,1.0833333333333335
2025-01-04 11:50,DVC-007,74.91,1.27,0.085,61.3,3869,0,1.0299999999999998
2025-01-04 12:00,DVC-009,74.05346140060202,1.07,0.079,43.1,2569,1,1.0133333333333334
2025-01-04 12:10,DVC-006,75.50376008293892,0.65,0.12887046263138532,60.889161337503495,2244,0,0.5566666666666666
2025-01-04 12:20,DVC-004,74.80893035047268,0.51,0.15132056308218722,57.62614001010759,2520,0,0.7600000000000001
2025-01-04 12:30,DVC-005,76.46766466237037,0.98,0.18325622126169924,47.29577159137266,3245,0,0.75
2025-01-04 12:40,DVC-005,73.79,1.09,0.146,58.7,3326,1,0.8633333333333333
2025-01-04 12:50,DVC-005,70.1,1.15,0.162,52.1,3392,0,1.0733333333333333
2025-01-04 13:00,DVC-004,75.70960593526266,0.81,0.1810230469771806,46.12697171589215,2600,0,0.7433333333333335
2025-01-04 13:10,DVC-009,74.65034693439178,0.96,0.10757740313291925,46.69734412362329,2642,0,0.9100000000000001
2025-01-04 13:20,DVC-010,75.66039699701965,0.58,0.14241138795188518,40.70721245590976,3101,0,0.9333333333333332
2025-01-04 13:30,DVC-003,71.78,0.6,0.061,49.2,2369,1,0.7333333333333331
2025-01-04 13:40,DVC-006,72.94,0.78,0.099,76.2,2283,0,0.5966666666666667
2025-01-04 13:50,DVC-007,72.9440328435082,0.84,0.1301105561039028,58.567499361986705,3903,0,1.0766666666666664
2025-01-04 14:00,DVC-004,71.1146535745847,0.68,0.16378278121858691,46.426656814073375,2623,0,0.6666666666666666
2025-01-04 14:10,DVC-010,77.90727027480715,0.55,0.12379004249316458,27.592775223121947,3179,0,0.63
2025-01-04 14:20,DVC-001,76.47,0.5,0.148,47.3,2348,1,0.7533333333333333
2025-01-04 14:30,DVC-007,72.49,0.82,0.112,59.5,3956,0,0.9766666666666666
2025-01-04 14:40,DVC-008,71.72984886980589,1.05,0.17577308110473297,58.729008817191556,3625,0,0.9833333333333334
2025-01-04 14:50,DVC-007,76.89376459434233,0.69,0.18030920444618914,45.870285207942565,4045,0,0.7833333333333332
2025-01-04 15:00,DVC-005,81.02243168385182,1.43,0.2887316478187903,36.90371466356142,3472,0,1.2233333333333334
2025-01-04 15:10,DVC-008,76.66424311681398,1.0,0.2605433227215911,46.39291203513007,3722,1,1.03
2025-01-04 15:20,DVC-006,78.14279830689208,0.59,0.20528730808516965,50.65386811653239,2303,1,0.6733333333333333
2025-01-04 15:30,DVC-001,74.66914229722116,0.57,0.24043771909053796,30.939564356339996,2373,1,0.5866666666666666
2025-01-04 15:40,DVC-010,73.65075739009463,0.55,0.12154096582606054,35.14740218329228,3249,1,0.56
2025-01-04 15:50,DVC-006,73.52750129389653,0.6,0.17669989706014105,67.14746461816772,2361,0,0.6566666666666667
2025-01-04 16:00,DVC-004,74.62614925209714,1.16,0.19334864263637383,37.5493257678049,2695,1,0.8833333333333334
2025-01-04 16:10,DVC-010,74.25349385870523,0.82,0.15031503261636492,26.064922158766937,3279,0,0.64
2025-01-04 16:20,DVC-004,73.88823634866577,1.02,0.16984531447503642,47.397941670642986,2790,1,0.9533333333333335
2025-01-04 16:30,DVC-003,76.60473734198715,0.78,0.12586665113182202,39.54897073054991,2409,0,0.7066666666666666
2025-01-04 16:40,DVC-010,75.22877544395377,0.57,0.15953577600365665,25.78954452712833,3289,0,0.6466666666666666
2025-01-04 16:50,DVC-004,78.65613894188623,0.71,0.222869180585051,29.400167573951173,2827,1,0.9633333333333333
2025-01-04 17:00,DVC-001,73.53837207295928,0.32,0.22321847102030049,29.813564366493384,2418,1,0.4633333333333333
2025-01-04 17:10,DVC-005,72.97155862808589,0.79,0.23947243315715486,43.63765622470963,3533,0,1.1233333333333333
2025-01-04 17:20,DVC-008,74.8561602249301,1.21,0.21260437783247427,64.8870843654173,3820,1,1.0866666666666667
2025-01-04 17:30,DVC-006,74.40411826024993,0.74,0.13359857204059342,61.24421461656446,2393,1,0.6433333333333332
2025-01-04 17:40,DVC-001,74.06002972283846,0.95,0.21108397836742515,43.38413093938354,2479,0,0.6133333333333333
2025-01-04 17:50,DVC-004,74.92193558453495,0.88,0.1985235920186605,38.056560193283,2923,0,0.8700000000000001
2025-01-04 18:00,DVC-003,72.68,0.97,0.076,37.9,2500,1,0.7833333333333332
2025-01-04 18:10,DVC-010,71.6,0.91,0.105,39.8,3322,0,0.7666666666666666
2025-01-04 18:20,DVC-007,74.41457878931904,1.07,0.14528008122125893,56.846587143799134,4090,0,0.8599999999999999
2025-01-04 18:30,DVC-003,78.2360446327142,1.08,0.08435300626475166,38.52145803619701,2595,0,0.9433333333333332
2025-01-04 18:40,DVC-008,68.71489531575216,0.6,0.19061024290573558,56.365034052085754,3885,0,0.9366666666666666
2025-01-04 18:50,DVC-007,72.43,1.27,0.077,58.7,4100,1,1.0099999999999998
2025-01-04 19:00,DVC-004,69.98,0.6,0.144,48.8,2953,0,0.7300000000000001
2025-01-04 19:10,DVC-001,69.51,0.32,0.16,40.6,2562,0,0.53
2025-01-04 19:20,DVC-003,72.67,0.41,0.093,35.7,2660,0,0.82
2025-01-04 19:30,DVC-006,70.57,0.64,0.09,67.4,2483,0,0.66
2025-01-04 19:40,DVC-007,72.4956344454451,0.93,0.11985161733552327,55.87803391277326,4185,0,1.0899999999999999
2025-01-04 19:50,DVC-005,74.93153200223949,0.97,0.21625475725717996,41.889705834655445,3607,0,1.0633333333333332
2025-01-04 20:00,DVC-005,77.9827460467711,0.99,0.27975139479119726,40.053688890612975,3626,0,0.9166666666666666
2025-01-04 20:10,DVC-009,76.84954630713814,1.06,0.21391372768591174,21.864638956884303,2681,1,1.03
2025-01-04 20:20,DVC-006,77.53391108016493,1.3,0.2044540386774722,46.088347519729766,2546,1,0.8933333333333332
2025-01-04 20:30,DVC-009,77.47041584335996,0.9,0.16514684041986577,30.63308250800259,2772,1,0.9733333333333335
2025-01-04 20:40,DVC-008,77.69693709785119,0.61,0.17687940211582023,53.71682776985124,3946,1,0.8066666666666666
2025-01-04 20:50,DVC-002,72.64,0.88,0.226,63.0,3503,1,0.9500000000000002
2025-01-04 21:00,DVC-005,71.1,0.64,0.162,47.7,3686,0,0.8666666666666667
2025-01-04 21:10,DVC-010,73.62,1.01,0.091,35.2,3387,0,0.8300000000000001
2025-01-04 21:20,DVC-009,77.70153560205203,1.14,0.11769645339242443,34.71026003716014,2866,0,1.0333333333333334
2025-01-04 21:30,DVC-005,69.37809133835799,0.57,0.19255944141020903,45.58152319426971,3714,0,0.7333333333333334
2025-01-04 21:40,DVC-008,81.33946900434667,0.75,0.23147540536272335,64.91410101833348,3986,0,0.6533333333333333
2025-01-04 21:50,DVC-004,71.49554064220489,1.08,0.1922719146166435,37.32260833513463,3042,1,0.8533333333333335
2025-01-04 22:00,DVC-009,72.42856436147686,1.05,0.10466663357034359,29.27313348695572,2915,0,1.03
2025-01-04 22:10,DVC-010,74.18,0.66,0.085,30.4,3443,1,0.86
2025-01-04 22:20,DVC-002,71.59442455723124,1.08,0.21256531625215536,46.66374086173966,3542,0,0.9366666666666669
2025-01-04 22:30,DVC-003,74.23726471575887,0.62,0.13395509776862147,40.73996307151979,2674,0,0.7033333333333331
2025-01-04 22:40,DVC-001,72.8206388795785,1.04,0.22592682701038108,28.458344658778604,2595,0,0.77
2025-01-04 22:50,DVC-010,72.86846063680352,0.61,0.12991561001935611,20.726684772011374,3482,1,0.7600000000000001
2025-01-04 23:00,DVC-001,75.50824279176928,0.84,0.1787278849093553,45.717624737684524,2662,0,0.7333333333333334
2025-01-04 23:10,DVC-010,71.62,0.71,0.103,37.9,3564,1,0.66
2025-01-04 23:20,DVC-001,68.85,0.49,0.171,42.8,2686,0,0.79
2025-01-04 23:30,DVC-006,73.5550368908944,0.59,0.13126438515219044,64.4367070157646,2583,0,0.8433333333333334
2025-01-04 23:40,DVC-005,79.00787955153717,0.95,0.22719138839722083,42.89540599067434,3749,0,0.7200000000000001
2025-01-04 23:50,DVC-010,76.49638426855508,1.22,0.16335265146190736,34.39656814319356,3583,0,0.8466666666666667
2025-01-05 00:00,DVC-002,72.89134563995061,0.87,0.2417061568376378,55.36313740143572,3572,1,0.9433333333333335
2025-01-05 00:10,DVC-003,68.37,0.6,0.1,48.9,2728,1,0.5433333333333331
2025-01-05 00:20,DVC-007,72.32223075253914,0.99,0.1276076993172685,53.21364970095241,4239,0,1.0633333333333332
2025-01-05 00:30,DVC-007,76.87093890743769,0.96,0.14861818974636123,52.919185226983146,4300,0,0.9599999999999999
2025-01-05 00:40,DVC-009,76.47842001508688,0.66,0.10070669948142925,31.299400661493575,2933,0,0.9500000000000001
2025-01-05 00:50,DVC-009,71.82410408860883,0.75,0.11784558657817365,30.272605704561034,2947,1,0.82
2025-01-05 01:00,DVC-005,78.08321977399174,0.69,0.2093861661649714,37.52810693700215,3811,0,0.7366666666666667
2025-01-05 01:10,DVC-010,74.92806367833921,0.64,0.17515890815180635,24.217128012951925,3621,0,0.8566666666666666
2025-01-05 01:20,DVC-008,74.08966675065486,0.63,0.1930335672939481,57.74593253761621,4055,1,0.6633333333333332
2025-01-05 01:30,DVC-009,77.45146027540696,1.13,0.17911425672804607,29.350242774183602,3042,0,0.8466666666666667
2025-01-05 01:40,DVC-008,74.40627371118988,1.01,0.20754344586849577,55.92217966802142,4112,1,0.7966666666666667
2025-01-05 01:50,DVC-007,74.19112183506377,0.95,0.13025401614961055,43.6766517198294,4391,0,0.9666666666666665
2025-01-05 02:00,DVC-007,71.21,0.86,0.1,43.7,4453,1,0.9233333333333332
2025-01-05 02:10,DVC-002,74.6,1.23,0.202,52.5,3589,0,1.0600000000000003
2025-01-05 02:20,DVC-010,69.68,1.04,0.105,20.0,3667,0,0.9666666666666667
2025-01-05 02:30,DVC-007,73.82342168540715,0.97,0.1483898446425087,52.56492059753205,4553,0,0.9266666666666664
2025-01-05 02:40,DVC-008,72.0068177233212,0.62,0.20963790091194534,51.114588544072845,4181,0,0.7533333333333334
2025-01-05 02:50,DVC-010,77.09730130250152,0.74,0.1331964692940646,19.68116856733107,3719,0,0.8066666666666666
2025-01-05 03:00,DVC-009,75.62792841009637,1.26,0.09391492653864805,40.30186730908896,3055,1,1.0466666666666666
2025-01-05 03:10,DVC-008,71.71826237349367,0.92,0.22521131149423482,51.43944107045415,4239,0,0.8500000000000001
2025-01-05 03:20,DVC-010,71.93,0.66,0.111,26.8,3746,1,0.8133333333333334
2025-01-05 03:30,DVC-007,74.95958805618372,1.14,0.1361756313739345,54.35271554593616,4602,0,0.9899999999999998
2025-01-05 03:40,DVC-003,75.42540560140769,1.0,0.11160588976449988,40.42310456295658,2738,0,0.7399999999999999
2025-01-05 03:50,DVC-003,73.50850829235073,0.64,0.1289718366395878,28.907002938325974,2776,0,0.7466666666666665
2025-01-05 04:00,DVC-004,74.82201398046601,0.88,0.19166315144295865,38.20652605452491,3121,1,0.8533333333333335
2025-01-05 04:10,DVC-007,73.35410336963015,0.87,0.1425785180175005,46.800103031710314,4670,0,0.9933333333333332
2025-01-05 04:20,DVC-006,73.28853161144085,0.67,0.16519806409457286,65.65480040158798,2615,0,0.8533333333333334
2025-01-05 04:30,DVC-010,75.16,1.26,0.106,28.9,3815,1,0.8866666666666666
2025-01-05 04:40,DVC-009,71.49,1.2,0.105,33.6,3101,0,1.1966666666666665
2025-01-05 04:50,DVC-003,75.8990930634446,0.77,0.13225795662071732,35.41977627106165,2870,0,0.8033333333333331
2025-01-05 05:00,DVC-008,71.65928492604478,0.42,0.20813306995888287,57.811811163241416,4330,0,0.6533333333333333
2025-01-05 05:10,DVC-007,75.29799407885264,1.13,0.1398699914908561,49.294175135313886,4710,0,1.0466666666666666
2025-01-05 05:20,DVC-002,71.81,1.01,0.213,54.2,3624,1,1.0366666666666668
2025-01-05 05:30,DVC-004,73.55,0.99,0.16,45.4,3197,0,0.9833333333333334
2025-01-05 05:40,DVC-010,75.79383214949523,1.13,0.1136290988439924,19.189430333102663,3851,0,1.0166666666666666
2025-01-05 05:50,DVC-010,75.74252188935638,0.68,0.14873150250758405,28.705777262382735,3883,0,1.0233333333333332
2025-01-05 06:00,DVC-004,73.09708151155327,0.96,0.2054087052624002,29.956066341842714,3274,0,0.9433333333333334
2025-01-05 06:10,DVC-010,70.26231291909784,0.86,0.12475994916513469,25.04715177874978,3928,1,0.89
2025-01-05 06:20,DVC-003,74.23758983699418,0.92,0.1795785528220521,29.153583028018748,2911,0,0.7766666666666664
2025-01-05 06:30,DVC-005,77.83575742042323,0.75,0.23669323881501006,28.406350835508242,3855,0,0.7966666666666665
2025-01-05 06:40,DVC-008,72.81438469978805,0.5,0.22337735626739078,55.783535708858224,4396,1,0.6133333333333333
2025-01-05 06:50,DVC-009,76.43,1.24,0.071,35.1,3182,1,1.2333333333333332
2025-01-05 07:00,DVC-006,69.9,0.9,0.122,65.5,2643,0,0.7200000000000001
2025-01-05 07:10,DVC-004,67.08,0.73,0.163,40.7,3333,0,0.8933333333333334
2025-01-05 07:20,DVC-003,74.82,0.65,0.065,33.9,2960,0,0.7799999999999998
2025-01-05 07:30,DVC-001,74.31948139130796,0.69,0.19784608784400287,39.57485738764065,2725,0,0.6733333333333333
2025-01-05 07:40,DVC-002,73.14175196720106,0.69,0.25762624732305967,52.04121225948995,3651,0,0.9766666666666669
2025-01-05 07:50,DVC-006,77.84858218194985,0.49,0.17104245884217062,65.34096213087923,2689,0,0.6866666666666666
2025-01-05 08:00,DVC-007,76.58617057002719,1.16,0.16579936751392121,46.68638741405721,4743,1,1.053333333333333
2025-01-05 08:10,DVC-008,74.09063612542464,1.14,0.20640414959793235,53.519755776312905,4428,0,0.6866666666666665
2025-01-05 08:20,DVC-007,74.67578733491285,1.03,0.15654716345506228,50.680599353646436,4798,1,1.1066666666666665
2025-01-05 08:30,DVC-001,72.7989392800292,0.84,0.2119953307871639,30.917061265027407,2745,0,0.6733333333333333
2025-01-05 08:40,DVC-002,72.18221169897446,0.83,0.25688380628412094,58.190146109936194,3697,0,0.8433333333333334
2025-01-05 08:50,DVC-001,74.14,0.25,0.158,46.0,2758,1,0.5933333333333333
2025-01-05 09:00,DVC-002,72.57,0.63,0.221,43.6,3795,0,0.7166666666666668
2025-01-05 09:10,DVC-007,75.32439883942884,0.96,0.1412075887418436,43.221883999732135,4892,0,1.0499999999999998
2025-01-05 09:20,DVC-010,76.7503071206305,1.1,0.19108376497211965,12.115100640543531,4011,0,0.8799999999999999
2025-01-05 09:30,DVC-003,75.36553016731591,0.91,0.217909757000335,25.724248152818795,2978,0,0.8266666666666665
2025-01-05 09:40,DVC-005,74.72412998343711,0.34,0.24699022175384813,35.77536642589764,3873,1,0.5933333333333334
2025-01-05 09:50,DVC-007,74.771770630472,1.23,0.15663040285193133,42.29901845852519,4951,1,1.0733333333333333
2025-01-05 10:00,DVC-007,71.53,1.2,0.109,54.3,4992,1,1.1299999999999997
2025-01-05 10:10,DVC-010,74.38,0.94,0.111,18.9,4076,0,0.9666666666666665
2025-01-05 10:20,DVC-001,75.14413562264913,0.58,0.20365103073463997,37.56658911094385,2770,0,0.5566666666666666
2025-01-05 10:30,DVC-010,75.55283697268005,0.83,0.14343458146210208,26.496018094682583,4091,0,0.9566666666666666
2025-01-05 10:40,DVC-008,77.51035284057401,1.03,0.19907079370953695,42.297758441361864,4468,0,0.89
2025-01-05 10:50,DVC-007,73.23075671341931,0.71,0.1414190663991785,43.68868264026077,5008,1,1.0466666666666666
2025-01-05 11:00,DVC-009,76.59541139186678,0.92,0.15768381341058474,13.741286187857401,3271,0,1.1199999999999999
2025-01-05 11:10,DVC-002,74.99841231485999,1.15,0.3017934766858491,45.37929242287086,3885,0,0.8700000000000001
2025-01-05 11:20,DVC-005,80.4180605742623,0.99,0.2678502044079804,23.990499820438675,3896,1,0.6933333333333334
2025-01-05 11:30,DVC-003,78.04140842086616,0.34,0.17819880330529222,9.949956287411393,3050,1,0.6333333333333332
2025-01-05 11:40,DVC-010,74.26955034359725,0.53,0.16754233943888514,3.6111805064479086,4112,1,0.7666666666666666
2025-01-05 11:50,DVC-008,72.89618736136784,0.73,0.23272518335534553,54.71529479515278,4491,1,0.9666666666666667
2025-01-05 12:00,DVC-008,72.73,0.66,0.187,56.7,4542,1,0.8066666666666666
2025-01-05 12:10,DVC-006,76.19984374242833,0.51,0.15145288254515293,69.25362523113566,2716,0,0.6333333333333333
2025-01-05 12:20,DVC-004,71.66155911126175,0.77,0.20424052518955219,33.1483128442294,3413,0,0.82
2025-01-05 12:30,DVC-009,73.40757294747252,0.62,0.14379171399262755,12.068793411639362,3307,0,0.9266666666666666
2025-01-05 12:40,DVC-002,75.88607554875912,0.73,0.283212122052985,52.68745861495046,3896,1,0.8366666666666668
2025-01-05 12:50,DVC-005,78.4777734951521,0.94,0.25567756091168664,37.678288517276606,3994,0,0.7566666666666667
2025-01-05 13:00,DVC-009,76.77024356088882,0.85,0.13517855049068142,19.957209149579924,3388,1,0.7966666666666665
2025-01-05 13:10,DVC-001,77.39953781509546,0.62,0.17366511568238335,31.303320695918593,2811,1,0.48333333333333334
2025-01-05 13:20,DVC-008,72.87444841762074,0.88,0.21162401393008384,58.52306996916471,4583,0,0.7566666666666667
2025-01-05 13:30,DVC-002,73.62051073150937,1.09,0.2528422211778134,53.50770351591343,3967,0,0.9900000000000002
2025-01-05 13:40,DVC-004,68.94,0.83,0.164,45.7,3423,1,0.7766666666666667
2025-01-05 13:50,DVC-010,73.77,1.08,0.125,13.1,4204,0,0.8133333333333334
2025-01-05 14:00,DVC-007,76.45,1.15,0.108,48.9,5054,0,1.0199999999999998
2025-01-05 14:10,DVC-003,73.73779002116999,0.63,0.1351412191868881,34.27335539237363,3134,0,0.6266666666666665
2025-01-05 14:20,DVC-009,75.2236672234959,0.83,0.1371564909378849,26.03514617307154,3463,0,0.7666666666666666
2025-01-05 14:30,DVC-007,76.4054071162409,0.7,0.14300652790692264,47.808735614250814,5094,0,0.8533333333333332
2025-01-05 14:40,DVC-010,77.98482258178439,0.72,0.1692298330658182,15.414664593851022,4232,1,0.7766666666666667
2025-01-05 14:50,DVC-009,72.62132877539335,1.21,0.12920148638201862,26.43234244688597,3487,0,0.9633333333333333
2025-01-05 15:00,DVC-007,72.43693984603603,0.91,0.1393110868340334,44.227258438354006,5164,0,0.9199999999999998
2025-01-05 15:10,DVC-002,72.24,1.44,0.23,40.3,4042,1,1.086666666666667
2025-01-05 15:20,DVC-002,75.21900967156668,0.83,0.26780547502606356,43.97393730407994,4067,0,1.12
2025-01-05 15:30,DVC-002,72.28056954064523,1.47,0.2852701987833136,47.46495413445476,4162,0,1.2466666666666668
2025-01-05 15:40,DVC-010,75.38158701881486,0.49,0.15520956395848026,8.595004394586095,4244,0,0.7633333333333333
2025-01-05 15:50,DVC-003,74.03960938660673,0.73,0.1243091438397191,27.06421748673911,3220,1,0.5666666666666664
2025-01-05 16:00,DVC-004,75.47176433326521,0.79,0.2396578396602303,23.408320005623082,3438,0,0.7966666666666667
2025-01-05 16:10,DVC-004,77.71859968903995,0.75,0.2527328922665044,23.147846140569406,3487,1,0.79
2025-01-05 16:20,DVC-009,74.30795617529893,0.9,0.15111860299859653,26.389099936139917,3565,0,0.9799999999999999
2025-01-05 16:30,DVC-008,74.40590088372205,0.99,0.23007407068215055,50.685001274337665,4607,1,0.8433333333333334
2025-01-05 16:40,DVC-003,68.61,0.77,0.072,33.8,3250,1,0.7099999999999999
2025-01-05 16:50,DVC-001,74.56,0.91,0.175,41.6,2865,0,0.7033333333333333
2025-01-05 17:00,DVC-004,72.15,1.0,0.154,37.5,3502,0,0.8466666666666667
2025-01-05 17:10,DVC-007,74.24,1.02,0.124,45.9,5255,0,0.8766666666666665
2025-01-05 17:20,DVC-005,74.73657373282411,0.76,0.1999939120733865,44.89051930300232,4013,0,0.8966666666666666
2025-01-05 17:30,DVC-005,75.97585984782044,0.58,0.23855495977555363,33.08281896501562,4087,0,0.7599999999999999
2025-01-05 17:40,DVC-002,76.14907735543964,0.54,0.29556746276211293,25.183985136086747,4233,0,0.9466666666666669
2025-01-05 17:50,DVC-003,74.88245368426387,0.76,0.15308824023168183,22.53640501482989,3301,1,0.7533333333333331
2025-01-05 18:00,DVC-009,76.82091097096676,0.82,0.12126873095022148,31.34292140211738,3594,1,0.9766666666666666
2025-01-05 18:10,DVC-003,73.49497482502734,0.72,0.11053392290839788,27.073313177101724,3357,0,0.7499999999999999
2025-01-05 18:20,DVC-001,74.31,0.87,0.163,47.0,2876,1,0.7999999999999999
2025-01-05 18:30,DVC-010,70.35,0.8,0.102,19.2,4293,0,0.6699999999999999
2025-01-05 18:40,DVC-009,71.07,1.28,0.078,33.1,3685,0,1.0
2025-01-05 18:50,DVC-006,71.39,0.88,0.125,65.5,2794,0,0.6266666666666666
2025-01-05 19:00,DVC-009,70.69,0.99,0.092,38.3,3750,0,1.03
2025-01-05 19:10,DVC-006,71.74,0.46,0.118,82.0,2893,0,0.6166666666666667
2025-01-05 19:20,DVC-009,71.55,0.86,0.104,16.4,3767,0,1.0433333333333332
2025-01-05 19:30,DVC-006,69.96,0.65,0.1,58.6,2973,0,0.6633333333333333
2025-01-05 19:40,DVC-007,72.37,0.91,0.109,39.8,5272,0,0.9466666666666664
2025-01-05 19:50,DVC-008,74.82,0.8,0.184,60.7,4655,0,0.89
2025-01-05 20:00,DVC-007,74.8311268711587,0.69,0.12771875198183005,41.447028616991695,5341,0,0.8733333333333331
2025-01-05 20:10,DVC-007,73.2319326980335,1.09,0.1503088891601329,36.56287954352075,5372,0,0.8966666666666665
2025-01-05 20:20,DVC-004,80.60351196500487,0.94,0.250698410593894,29.474238417187845,3584,0,0.8966666666666668
2025-01-05 20:30,DVC-006,76.49712495700382,1.01,0.16514748260400794,64.3041840402263,3022,1,0.7066666666666667
2025-01-05 20:40,DVC-001,75.37234265349473,0.6,0.2670996313577516,30.18946452906985,2910,0,0.7933333333333333
2025-01-05 20:50,DVC-002,72.30950298858883,1.38,0.24458166841100226,42.61111845426387,4246,1,1.1300000000000001
2025-01-05 21:00,DVC-001,72.61767698051143,0.83,0.20180640923263776,32.45711723174496,2933,0,0.7666666666666666
2025-01-05 21:10,DVC-009,73.58862429224332,1.1,0.13417963342710143,25.2058532614711,3810,1,0.9833333333333333
2025-01-05 21:20,DVC-003,73.87116321392108,0.77,0.14291582349617182,23.007224971646238,3455,0,0.7499999999999999
2025-01-05 21:30,DVC-009,75.52721559603485,1.14,0.16705597585406973,12.420427224106383,3877,0,1.0333333333333332
2025-01-05 21:40,DVC-007,75.00366810133514,0.77,0.16018532785152542,35.322509303253376,5394,1,0.8499999999999998
2025-01-05 21:50,DVC-010,71.74816775718979,0.74,0.15852669352960225,17.95042473305126,4362,0,0.6766666666666667
2025-01-05 22:00,DVC-003,74.12891813133331,0.74,0.14379312326915064,27.230375415479557,3504,1,0.7433333333333332
2025-01-05 22:10,DVC-002,78.25141062661142,0.36,0.29828979111942966,40.63456189083179,4318,0,0.7600000000000001
2025-01-05 22:20,DVC-009,79.77063836652485,1.19,0.14974007942744405,13.293189419728149,3917,0,1.1433333333333333
2025-01-05 22:30,DVC-010,74.20250046905724,0.57,0.12576923279120195,13.993151961218274,4443,1,0.7033333333333333
2025-01-05 22:40,DVC-005,74.22,1.07,0.178,45.8,4112,1,0.8033333333333333
2025-01-05 22:50,DVC-001,75.63,0.69,0.154,40.6,2956,0,0.7066666666666667
2025-01-05 23:00,DVC-008,73.91423563853023,0.59,0.22807397432337523,54.330546122084904,4709,0,0.7933333333333333
2025-01-05 23:10,DVC-005,71.90807140856181,0.81,0.19551443207831182,43.68338675668695,4182,0,0.82
2025-01-05 23:20,DVC-002,73.80434240631756,0.69,0.3253122038411667,40.3254188668451,4385,0,0.81
2025-01-05 23:30,DVC-010,75.52122368645598,0.68,0.19213891753028597,4.159021367495397,4483,1,0.6633333333333333
2025-01-05 23:40,DVC-009,80.27169964816325,1.17,0.13883867984615356,-6.737139533386325,4016,0,1.1666666666666665
2025-01-05 23:50,DVC-008,74.53031073796444,1.3,0.22402738394532523,61.42453791863157,4768,1,0.8966666666666668
2025-01-06 00:00,DVC-009,68.81,1.33,0.099,17.7,4037,1,1.2299999999999998
2025-01-06 00:10,DVC-009,75.25747205537384,1.12,0.15250137022940316,14.911171940718408,4084,0,1.2066666666666668
2025-01-06 00:20,DVC-002,75.81373867808182,0.93,0.2780090684278986,35.974353066901585,4416,1,0.6600000000000001
2025-01-06 00:30,DVC-001,73.8392095316914,0.45,0.25352769000846626,25.8856623287285,3029,0,0.6566666666666666
2025-01-06 00:40,DVC-008,76.53438570061186,0.75,0.2516628307995096,48.14898762366381,4834,1,0.88
2025-01-06 00:50,DVC-010,75.91511351195675,1.2,0.18491306647761818,-0.7239564366448246,4527,0,0.8166666666666668
2025-01-06 01:00,DVC-002,77.67570479683177,1.03,0.27767009927541675,41.99652370226516,4463,1,0.8833333333333334
2025-01-06 01:10,DVC-002,70.09,0.96,0.238,36.4,4552,1,0.9733333333333336
2025-01-06 01:20,DVC-008,68.49734420520915,0.73,0.25032151948915166,61.61315872445868,4865,0,0.9266666666666667
2025-01-06 01:30,DVC-008,73.76332370794297,0.86,0.24456532473645204,46.705772514566334,4925,0,0.7799999999999999
2025-01-06 01:40,DVC-003,76.82923608505769,0.74,0.1531504812272828,19.915035154527125,3541,0,0.7499999999999999
2025-01-06 01:50,DVC-002,71.78,0.59,0.252,47.3,4573,1,0.8600000000000002
2025-01-06 02:00,DVC-009,71.34,1.13,0.102,15.2,4098,0,1.1933333333333334
2025-01-06 02:10,DVC-003,75.14,1.04,0.09,22.4,3592,0,0.8399999999999999
2025-01-06 02:20,DVC-009,67.98,1.11,0.11,21.2,4191,0,1.12
2025-01-06 02:30,DVC-008,75.51,1.14,0.189,51.5,4977,0,0.91
2025-01-06 02:40,DVC-007,76.58,0.92,0.127,59.0,5464,0,0.9266666666666664
2025-01-06 02:50,DVC-002,72.61,1.02,0.25,49.0,4618,0,0.8566666666666668
2025-01-06 03:00,DVC-004,69.41,1.0,0.183,38.5,3595,0,0.9800000000000001
2025-01-06 03:10,DVC-002,72.54,0.6,0.257,40.1,4693,0,0.7366666666666668
2025-01-06 03:20,DVC-010,74.9,0.93,0.111,20.9,4623,0,0.9366666666666666
2025-01-06 03:30,DVC-003,71.98,0.98,0.094,20.4,3658,0,0.9199999999999999
2025-01-06 03:40,DVC-008,72.5736269276311,0.69,0.2190030327371162,57.10476866298305,5073,0,0.8966666666666666
2025-01-06 03:50,DVC-003,77.70561094996026,0.69,0.17933020475300332,3.5416034857282055,3743,0,0.903333333333333
2025-01-06 04:00,DVC-001,74.65853025733018,0.95,0.2774215428069452,27.440923489024634,3075,0,0.6966666666666667
2025-01-06 04:10,DVC-010,74.77526588605267,0.57,0.19166294362346278,1.087792601526699,4686,1,0.9
2025-01-06 04:20,DVC-009,76.72115903231953,1.08,0.14768731217170603,4.769427261434863,4290,1,1.1066666666666667
2025-01-06 04:30,DVC-002,75.46494295904253,0.89,0.340851688747651,24.26590161958515,4732,0,0.8366666666666669
2025-01-06 04:40,DVC-003,79.26556843032787,0.72,0.24917174636068462,-1.7236654270120253,3827,1,0.7966666666666665
2025-01-06 04:50,DVC-002,84.15081224420518,1.11,0.3464475361061168,25.92176251346734,4777,1,0.8666666666666668
2025-01-06 05:00,DVC-005,78.65566438861035,1.3,0.2947219292381748,29.970660029680797,4277,1,1.06
2025-01-06 05:10,DVC-006,77.22032419700183,0.85,0.1617855053075176,57.62523064459871,3118,1,0.8366666666666666
2025-01-06 05:20,DVC-004,74.8694279079353,0.58,0.24478572487913414,21.014844333780026,3609,1,0.84
2025-01-06 05:30,DVC-006,76.28534386033628,0.99,0.14602324202907882,51.14785829232102,3199,1,0.9500000000000001
2025-01-06 05:40,DVC-004,74.81743835093816,0.94,0.2172899133343963,27.378618978054405,3674,0,0.84
2025-01-06 05:50,DVC-009,75.69792998985196,1.18,0.12533310537795486,6.968110807357043,4347,1,1.1233333333333333
2025-01-06 06:00,DVC-008,73.1000951445837,0.97,0.24337417907187886,50.224196609734676,5163,0,0.9333333333333332
2025-01-06 06:10,DVC-004,75.10472210533082,0.64,0.22872253638632808,30.514063676533315,3699,0,0.7200000000000001
2025-01-06 06:20,DVC-008,77.21486496849232,0.97,0.23718093237974075,56.605904825748816,5243,1,0.8766666666666666
2025-01-06 06:30,DVC-002,69.04470050996197,0.91,0.2810524909725859,32.306660555860354,4793,0,0.9700000000000002
2025-01-06 06:40,DVC-006,72.87607652594558,1.18,0.171714485847213,48.84054553048628,3257,0,1.0066666666666666
2025-01-06 06:50,DVC-006,72.4,0.86,0.125,62.1,3304,1,1.01
2025-01-06 07:00,DVC-001,71.39822612875616,0.68,0.2126300961538187,23.822080010095195,3126,0,0.6933333333333334
2025-01-06 07:10,DVC-005,72.11659632664427,0.71,0.20825243463325588,39.86648457462314,4303,0,0.9400000000000001
2025-01-06 07:20,DVC-010,77.62172882409622,0.8,0.14525321752933848,8.599210821491202,4712,0,0.7666666666666666
2025-01-06 07:30,DVC-009,73.56974710690847,1.22,0.16770942471818306,-4.524134018801318,4374,1,1.16
2025-01-06 07:40,DVC-005,76.08468152999008,0.81,0.24808879148338467,41.61835325144454,4354,0,0.9400000000000001
2025-01-06 07:50,DVC-005,73.94031624396004,0.95,0.29010328439446764,19.02270484721676,4424,0,0.8233333333333334
2025-01-06 08:00,DVC-010,73.03199885997952,0.86,0.1437439693361266,4.881544938447214,4732,1,0.7433333333333333
2025-01-06 08:10,DVC-006,73.37,0.78,0.117,66.8,3373,1,0.94
2025-01-06 08:20,DVC-004,74.82433934807428,0.72,0.24370981043421028,35.33233553631871,3796,0,0.7666666666666666
2025-01-06 08:30,DVC-006,72.44838827259585,0.87,0.17520895845335027,46.350410137959045,3392,0,0.8366666666666666
2025-01-06 08:40,DVC-001,80.9591342946989,0.4,0.31446349215717495,20.382616972048474,3152,0,0.6766666666666667
2025-01-06 08:50,DVC-004,76.7952489105555,0.8,0.24757508039242557,23.4696596184587,3874,1,0.7200000000000001
2025-01-06 09:00,DVC-008,74.12646405706674,0.81,0.2374805893007632,48.06517025216958,5304,1,0.9166666666666666
2025-01-06 09:10,DVC-005,70.11,1.04,0.19,41.1,4497,1,0.9333333333333335
2025-01-06 09:20,DVC-009,75.59,0.96,0.08,14.1,4403,0,1.1199999999999999
2025-01-06 09:30,DVC-007,77.72,0.9,0.128,52.1,5490,0,0.8633333333333333
2025-01-06 09:40,DVC-005,70.84,1.17,0.187,43.4,4566,0,1.0533333333333335
2025-01-06 09:50,DVC-009,76.62,1.05,0.118,19.7,4474,0,1.0766666666666667
2025-01-06 10:00,DVC-008,74.58202749576061,1.03,0.24042760899289517,42.92474762435939,5379,0,0.9366666666666666
2025-01-06 10:10,DVC-002,74.48489218515779,0.98,0.34248241489290526,41.595723843808045,4839,0,1.0000000000000002
2025-01-06 10:20,DVC-009,75.25224226559631,0.87,0.1725873330329546,2.288806057635108,4555,0,0.96
2025-01-06 10:30,DVC-003,72.62873156021391,0.54,0.12165696957013111,24.616562989750268,3887,1,0.6499999999999998
2025-01-06 10:40,DVC-010,71.56,0.94,0.115,13.7,4826,1,0.8666666666666667
2025-01-06 10:50,DVC-001,72.1,0.43,0.179,27.7,3171,0,0.5033333333333333
2025-01-06 11:00,DVC-010,73.55,0.67,0.097,15.7,4908,0,0.8233333333333333
2025-01-06 11:10,DVC-005,72.25,0.45,0.188,33.1,4628,0,0.8866666666666667
2025-01-06 11:20,DVC-010,70.24,0.91,0.117,6.5,4998,0,0.84
2025-01-06 11:30,DVC-009,68.52,1.0,0.095,11.6,4594,0,0.9733333333333333
2025-01-06 11:40,DVC-004,72.39,1.0,0.187,38.1,3963,0,0.8400000000000002
2025-01-06 11:50,DVC-007,74.01971504782084,1.04,0.15331012902514402,50.34440553548968,5559,0,0.9533333333333331
2025-01-06 12:00,DVC-010,76.73827035078372,1.18,0.18751127841845028,0.24697950023610016,5073,0,0.92
2025-01-06 12:10,DVC-008,75.02340823256179,0.63,0.2885559020079097,46.904069358807575,5456,0,0.8233333333333334
2025-01-06 12:20,DVC-003,77.09256461973729,1.29,0.1290442012981415,7.021584093312745,3931,1,0.85
2025-01-06 12:30,DVC-010,72.42,1.26,0.142,14.1,5161,1,1.1166666666666665
2025-01-06 12:40,DVC-007,73.64,1.01,0.131,52.4,5656,0,0.9833333333333333
2025-01-06 12:50,DVC-003,75.88729193613982,0.71,0.14268412154829005,9.448347055675798,3990,0,0.8466666666666666
2025-01-06 13:00,DVC-008,73.61741585888375,0.85,0.24174810062088598,44.98321613925931,5493,0,0.8366666666666666
2025-01-06 13:10,DVC-010,75.71959458152813,0.91,0.19452491808735417,-3.8518216266606835,5238,0,1.1166666666666667
2025-01-06 13:20,DVC-009,70.68076336572315,1.13,0.15498785229353151,-5.039260184381861,4637,1,1.0
2025-01-06 13:30,DVC-004,77.48089828913193,1.16,0.2653237240542379,27.032652110376866,3991,0,0.9866666666666667
2025-01-06 13:40,DVC-008,74.47659215337998,1.3,0.2783073784620016,42.121809900206,5553,1,0.9266666666666667
2025-01-06 13:50,DVC-008,74.64744931539028,0.96,0.24870528279688436,48.50998149971074,5644,1,1.0366666666666668
2025-01-06 14:00,DVC-005,78.85860467115683,0.79,0.26363884022430567,25.922347156831442,4688,0,0.8033333333333333
2025-01-06 14:10,DVC-006,74.2769655736312,0.76,0.1659474792804898,56.449484166493,3432,1,0.8033333333333333
2025-01-06 14:20,DVC-005,74.64245105408814,0.59,0.23325414055323818,36.70652031097039,4745,0,0.61
2025-01-06 14:30,DVC-009,69.17,1.28,0.103,14.1,4727,1,1.1366666666666665
2025-01-06 14:40,DVC-002,73.56496558784097,0.6,0.2697912251252919,42.596476174658,4934,0,0.8300000000000002
2025-01-06 14:50,DVC-001,75.30692255156949,0.76,0.20712926436281914,17.607023743778008,3202,0,0.5299999999999999
2025-01-06 15:00,DVC-005,73.19397854550527,0.52,0.25147589520894464,34.14200853070314,4770,0,0.6333333333333334
2025-01-06 15:10,DVC-005,74.61754236821488,0.93,0.24671467741111847,29.24261176271203,4833,1,0.68
2025-01-06 15:20,DVC-001,73.0362925973378,0.79,0.23174023531275278,29.212257383731554,3250,0,0.66
2025-01-06 15:30,DVC-004,75.81528804795234,0.34,0.2248944142267388,20.59402205604834,4080,0,0.8333333333333335
2025-01-06 15:40,DVC-010,74.14,1.07,0.122,5.2,5274,1,1.08
2025-01-06 15:50,DVC-010,70.1030113766839,1.13,0.136911412125373,-2.2980354550761346,5353,0,1.0366666666666668
2025-01-06 16:00,DVC-007,70.23881263864267,1.19,0.1697306165560774,36.28593062411137,5679,0,1.0799999999999998
2025-01-06 16:10,DVC-004,76.12140478351563,1.13,0.265924670958971,11.821411817105009,4142,0,0.8766666666666666
2025-01-06 16:20,DVC-008,71.7233296625743,0.74,0.2538110203308625,53.91837318077857,5727,1,1.0
2025-01-06 16:30,DVC-002,76.48943105437812,0.92,0.3070919765465995,39.5522168499909,4952,0,0.8333333333333335
2025-01-06 16:40,DVC-009,71.27,0.83,0.102,3.5,4743,1,1.0799999999999998
2025-01-06 16:50,DVC-010,71.61,0.76,0.131,0.6,5383,0,0.9866666666666667
2025-01-06 17:00,DVC-007,71.58,0.79,0.123,48.4,5763,0,0.9966666666666665
2025-01-06 17:10,DVC-004,74.36,0.89,0.21,25.5,4239,0,0.7866666666666667
2025-01-06 17:20,DVC-008,70.43,1.04,0.216,47.6,5802,0,0.9133333333333334
2025-01-06 17:30,DVC-006,74.61252758589475,0.67,0.14704623497138475,56.781171148916165,3444,0,0.7666666666666666
2025-01-06 17:40,DVC-010,75.86814116398277,0.87,0.1517415784394232,-3.5813396024012203,5465,0,0.92
2025-01-06 17:50,DVC-006,75.51171139202425,0.79,0.14940459329550643,49.094763579634936,3491,0,0.7399999999999999
2025-01-06 18:00,DVC-003,73.32396696054643,0.8,0.17045111754922881,7.63736524171607,4040,1,0.9333333333333332
2025-01-06 18:10,DVC-002,75.34767465237468,0.89,0.3418935082618241,30.107800079145708,5021,0,0.8033333333333336
2025-01-06 18:20,DVC-010,79.44970336669026,0.96,0.1671695426719424,-10.90691121203731,5512,1,0.8633333333333334
2025-01-06 18:30,DVC-003,75.5,0.83,0.097,20.6,4128,1,0.7799999999999998
2025-01-06 18:40,DVC-003,71.15596805315708,0.93,0.12934335123657223,1.6855947046830941,4177,0,0.8533333333333332
2025-01-06 18:50,DVC-010,75.00177412944512,0.76,0.18966357120775296,-3.4648692079998242,5588,0,0.8633333333333334
2025-01-06 19:00,DVC-008,74.46005137127621,0.96,0.25679459870137233,51.25019751329564,5871,0,0.9133333333333334
2025-01-06 19:10,DVC-007,70.52,1.09,0.104,46.1,5790,1,1.0233333333333332
2025-01-06 19:20,DVC-008,74.36,0.85,0.208,54.2,5897,0,0.9499999999999998
2025-01-06 19:30,DVC-007,70.83,1.17,0.094,42.2,5814,0,1.0166666666666666
2025-01-06 19:40,DVC-002,70.845265503354,1.06,0.30648037987384785,29.16734955991441,5048,0,0.956666666666667
2025-01-06 19:50,DVC-007,72.2588822372401,0.86,0.1357679989509857,45.04683768795802,5863,0,1.0399999999999998
2025-01-06 20:00,DVC-002,73.25753564086124,1.02,0.3011416126621918,36.67923830551008,5110,0,0.9900000000000002
2025-01-06 20:10,DVC-008,71.84,0.86,0.207,53.3,5920,1,0.89
2025-01-06 20:20,DVC-002,72.99,1.04,0.277,46.2,5167,0,1.0400000000000003
2025-01-06 20:30,DVC-006,76.35749484749006,0.88,0.16269986229175967,53.63692027736687,3585,0,0.7799999999999999
2025-01-06 20:40,DVC-003,72.76156502631413,0.8,0.12944259898949043,9.394684809826312,4251,0,0.8533333333333332
2025-01-06 20:50,DVC-008,76.56465493456743,0.82,0.28771748593079627,31.697231458611277,5946,0,0.8433333333333333
2025-01-06 21:00,DVC-001,74.21684000867656,0.77,0.21262375810409773,3.5646776082208165,3281,1,0.7733333333333333
2025-01-06 21:10,DVC-009,78.93699169336779,0.85,0.18421208901298747,-1.7852504395090012,4798,0,0.9866666666666667
2025-01-06 21:20,DVC-006,75.79043561453986,0.93,0.1558146539783861,54.517871544028,3681,1,0.8666666666666667
2025-01-06 21:30,DVC-006,75.97527899646535,0.88,0.19366813443046094,42.18341982771704,3715,0,0.8966666666666666
2025-01-06 21:40,DVC-009,78.17710653333279,0.97,0.17534771710714683,-12.610448388072669,4841,1,0.8833333333333332
2025-01-06 21:50,DVC-004,82.30570597343772,1.1,0.32598674408776784,15.200117655424322,4335,0,1.0400000000000003
2025-01-06 22:00,DVC-006,79.76385907634659,1.21,0.19305305155216815,46.249393906049626,3812,1,1.0066666666666666
2025-01-06 22:10,DVC-004,73.93220362228891,1.06,0.256579753506897,23.93998367461027,4394,1,1.0166666666666668
2025-01-06 22:20,DVC-010,71.76,0.69,0.129,-4.9,5661,1,0.8033333333333333
2025-01-06 22:30,DVC-009,74.23,1.21,0.102,5.5,4865,0,1.0099999999999998
2025-01-06 22:40,DVC-008,74.89763388177664,1.13,0.2854355920706543,37.83175048007279,5983,0,0.9366666666666665
2025-01-06 22:50,DVC-004,75.79339384878557,0.97,0.30027562212282277,2.9576517001880216,4463,0,1.0433333333333334
2025-01-06 23:00,DVC-009,76.01909851801649,1.03,0.16626033737677942,-3.5876925853339223,4945,0,1.07
2025-01-06 23:10,DVC-010,72.21882402575551,1.39,0.19896192562357162,-11.322383511006413,5691,1,0.9466666666666667
2025-01-06 23:20,DVC-008,75.80479893621494,0.7,0.3265369092451719,35.521197377182276,5995,1,0.8833333333333332
2025-01-06 23:30,DVC-010,78.76562834328308,1.05,0.19671377316228558,-9.91424733723049,5779,0,1.0433333333333332
2025-01-06 23:40,DVC-001,79.68347606280567,0.63,0.2515354150912556,30.080569209974186,3361,1,0.73
2025-01-06 23:50,DVC-007,73.65646873369606,1.31,0.14829498678149217,39.9167362424975,5936,1,1.113333333333333
2025-01-07 00:00,DVC-010,77.17628811757514,0.66,0.19688126334203787,-13.574303769171452,5816,0,1.0333333333333334
2025-01-07 00:10,DVC-001,76.65002934232012,0.66,0.24456642803485673,18.15053124346086,3422,0,0.6866666666666666
2025-01-07 00:20,DVC-002,75.4760166327545,0.5,0.3285369447768053,33.93354421649531,5242,1,0.8533333333333335
2025-01-07 00:30,DVC-001,80.46339075421128,0.61,0.25470989906972547,14.67430721525977,3452,1,0.6333333333333333
2025-01-07 00:40,DVC-004,75.71575824505302,0.96,0.27493698828657226,11.826180324033144,4491,0,0.9966666666666667
2025-01-07 00:50,DVC-004,72.10062511233721,1.06,0.2165991528025531,19.17029727887916,4546,1,0.9966666666666667
2025-01-07 01:00,DVC-008,74.76,0.6,0.219,51.1,6028,1,0.8099999999999999
2025-01-07 01:10,DVC-006,73.32190574838425,1.1,0.1563703210859509,55.5540303082217,3874,0,1.0633333333333332
2025-01-07 01:20,DVC-006,76.95502908016768,0.76,0.23243333888659404,46.32975021708822,3901,1,1.0233333333333332
2025-01-07 01:30,DVC-004,73.3179780264448,1.09,0.29019909602518057,6.622983429275688,4622,0,1.0366666666666668
2025-01-07 01:40,DVC-006,73.85988823078355,1.19,0.15861772673011212,50.64404623540072,3967,1,1.0166666666666666
2025-01-07 01:50,DVC-009,72.99,1.13,0.089,8.4,4976,1,1.1233333333333333
2025-01-07 02:00,DVC-001,75.62283459082992,0.76,0.22954276993874007,19.751919604818752,3541,0,0.6766666666666667
2025-01-07 02:10,DVC-001,77.57695204506037,0.51,0.283787361415603,12.143507715120446,3569,0,0.6266666666666666
2025-01-07 02:20,DVC-006,74.12537487002324,0.94,0.2526757882277516,43.00228082246761,4033,0,0.9633333333333333
2025-01-07 02:30,DVC-003,75.39252777141513,0.51,0.25726507498291085,7.441077285102948,4290,1,0.7466666666666665
2025-01-07 02:40,DVC-008,70.30475251456447,0.78,0.26804189840725656,34.966954962007335,6128,1,0.6933333333333334
2025-01-07 02:50,DVC-009,77.34434549033288,1.15,0.1636518959634476,-0.48676895853540225,4997,1,1.1033333333333333
2025-01-07 03:00,DVC-007,74.24295684948949,1.1,0.16386965199315895,35.4902490897388,5998,1,1.09
2025-01-07 03:10,DVC-003,77.26664175841104,0.66,0.17354732313117976,1.2535736720350341,4317,0,0.6566666666666666
2025-01-07 03:20,DVC-004,76.50156960023642,0.8,0.27014138470232657,20.02269895990736,4689,0,0.9833333333333335
2025-01-07 03:30,DVC-001,74.8715482523098,0.72,0.21814822133396036,23.88941928647862,3584,1,0.6633333333333333
2025-01-07 03:40,DVC-008,74.49544751937297,0.89,0.26697201585562363,43.20443340981778,6200,1,0.7566666666666667
2025-01-07 03:50,DVC-005,73.56005467738308,0.64,0.2285538878558523,27.945797223001232,4893,0,0.6966666666666668
2025-01-07 04:00,DVC-005,71.54980024138263,1.18,0.24900750057336293,28.168463673325995,4947,0,0.9166666666666669
2025-01-07 04:10,DVC-003,75.28,0.95,0.096,-0.3,4379,1,0.7066666666666666
2025-01-07 04:20,DVC-006,75.93417165952044,0.8,0.16738118598593144,50.309813163120225,4102,0,0.9766666666666666
2025-01-07 04:30,DVC-007,72.25382682231991,1.31,0.15552330673301534,32.9527253083255,6030,0,1.24
2025-01-07 04:40,DVC-001,73.46588616143336,0.4,0.23427586371309042,15.964281254575532,3595,0,0.5433333333333333
2025-01-07 04:50,DVC-001,70.81,0.58,0.204,28.8,3658,1,0.5666666666666665
2025-01-07 05:00,DVC-009,72.87804017564025,1.08,0.1452993072483984,-9.211037156351075,5039,0,1.1199999999999999
2025-01-07 05:10,DVC-007,74.82689215242861,1.01,0.18848759740640625,45.390156733513386,6115,0,1.14
2025-01-07 05:20,DVC-010,73.20376373048869,1.01,0.16924454790385418,-17.745670976101742,5869,0,0.9066666666666667
2025-01-07 05:30,DVC-007,74.41,1.05,0.128,46.9,6126,1,1.1233333333333333
2025-01-07 05:40,DVC-005,75.97969696013212,0.67,0.24348194656360975,27.837278078979782,4994,0,0.8300000000000001
2025-01-07 05:50,DVC-006,74.14101980674278,0.94,0.15715212669149756,48.63755553826601,4128,0,0.8933333333333332
2025-01-07 06:00,DVC-001,74.67822594142558,0.6,0.22524013606316623,14.105321871101776,3678,0,0.5266666666666666
2025-01-07 06:10,DVC-002,70.17,1.15,0.29,38.1,5336,1,0.8966666666666668
2025-01-07 06:20,DVC-005,73.79,0.44,0.209,25.0,5086,0,0.7633333333333333
2025-01-07 06:30,DVC-001,75.76,0.68,0.185,19.8,3775,0,0.62
2025-01-07 06:40,DVC-008,69.89,0.71,0.223,48.4,6290,0,0.7933333333333333
2025-01-07 06:50,DVC-001,73.33,0.21,0.197,16.7,3795,0,0.49666666666666665
2025-01-07 07:00,DVC-002,73.94,1.19,0.297,38.3,5436,0,0.9466666666666669
2025-01-07 07:10,DVC-004,76.07006982617058,0.98,0.25245072359057025,18.412894472189727,4766,0,0.9566666666666667
2025-01-07 07:20,DVC-005,70.89707662116264,0.99,0.26885918814692145,36.7837455476576,5111,0,0.7000000000000002
2025-01-07 07:30,DVC-005,76.18053475243056,0.94,0.22969708370364306,22.747171584787917,5200,0,0.7900000000000001
2025-01-07 07:40,DVC-009,76.88555106656459,1.35,0.105,7.9,5134,1,1.1933333333333331
2025-01-07 07:50,DVC-007,68.37,0.92,0.121,38.7,6179,0,0.9933333333333332
2025-01-07 08:00,DVC-002,74.31026188358902,1.11,0.31088167825167257,33.66321716310943,5536,0,1.1500000000000001
2025-01-07 08:10,DVC-008,75.41508254135309,0.54,0.26696125456533315,35.70150913959462,6367,0,0.7133333333333334
2025-01-07 08:20,DVC-001,74.5986701327356,0.68,0.28290621804863836,2.645667499752279,3835,0,0.5233333333333333
2025-01-07 08:30,DVC-008,76.26567137155715,1.0,0.27256861053498166,33.999210263965246,6459,1,0.75
2025-01-07 08:40,DVC-010,75.15582731871781,0.9,0.19280451748835836,-33.391887566650354,5909,0,0.8566666666666668
2025-01-07 08:50,DVC-009,73.65650030288582,1.32,0.14013478906001955,-14.30045215704602,5146,1,1.25
2025-01-07 09:00,DVC-001,78.15401702474331,0.8,0.31115410502190344,7.908835538986074,3861,0,0.5633333333333334
2025-01-07 09:10,DVC-008,80.60198596123861,0.62,0.3206447814019505,34.000112836543295,6524,1,0.7200000000000001
2025-01-07 09:20,DVC-006,75.02048552782402,0.72,0.16298464488715952,52.19815513030082,4228,1,0.82
2025-01-07 09:30,DVC-007,73.46,0.83,0.103,48.7,6241,1,0.9333333333333332
2025-01-07 09:40,DVC-005,75.35,0.86,0.221,28.6,5296,0,0.9300000000000002
2025-01-07 09:50,DVC-001,76.86256178212449,0.63,0.25424490959785356,10.284205502786486,3900,0,0.7033333333333333
2025-01-07 10:00,DVC-010,71.1092905976951,0.8,0.22501265064896067,-14.489327320965744,5985,0,0.9033333333333333
2025-01-07 10:10,DVC-009,77.01151977847677,1.08,0.19081814701942246,-24.72697979432067,5193,0,1.25
2025-01-07 10:20,DVC-004,77.78427733540227,1.25,0.2702650127923841,12.367573263945784,4782,1,1.01
2025-01-07 10:30,DVC-008,73.72261955548235,1.01,0.2703344141601597,55.26784818530576,6539,1,0.8766666666666666
2025-01-07 10:40,DVC-009,73.44,0.71,0.117,6.5,5289,1,1.0366666666666668
2025-01-07 10:50,DVC-007,71.64,0.76,0.126,46.3,6301,0,0.8366666666666666
2025-01-07 11:00,DVC-009,76.02648723614128,1.11,0.1255055272862993,-9.249811052237206,5309,0,0.9666666666666667
2025-01-07 11:10,DVC-002,78.44978476655771,0.64,0.3259346568278776,22.714809867833875,5594,0,0.9800000000000003
2025-01-07 11:20,DVC-003,75.23762489243107,0.54,0.15194937279549592,7.1488381512625665,4426,0,0.7166666666666665
2025-01-07 11:30,DVC-007,72.68,0.86,0.129,33.5,6390,1,0.8166666666666665
2025-01-07 11:40,DVC-003,71.06,0.83,0.099,5.9,4455,0,0.7733333333333331
2025-01-07 11:50,DVC-002,75.12074187649134,0.89,0.34596467603812237,33.46020101446538,5688,0,0.8800000000000002
2025-01-07 12:00,DVC-004,75.31352641572991,0.77,0.2339575464634191,18.7171688501409,4839,0,1.0000000000000002
2025-01-07 12:10,DVC-006,73.47233478010465,1.08,0.20089007050222654,58.93428518203337,4287,0,0.9133333333333332
2025-01-07 12:20,DVC-002,77.46,0.92,0.298,33.1,5782,1,0.8166666666666669
2025-01-07 12:30,DVC-004,72.48,1.03,0.22,22.8,4933,0,1.0166666666666668
2025-01-07 12:40,DVC-008,71.05,0.58,0.243,44.3,6633,0,0.7366666666666667
2025-01-07 12:50,DVC-010,72.8,0.91,0.116,-4.6,6085,0,0.8700000000000001
2025-01-07 13:00,DVC-007,77.27803010104527,1.16,0.123,35.0,6415,1,0.9266666666666664
2025-01-07 13:10,DVC-008,71.79,0.73,0.223,50.6,6661,0,0.7733333333333333
2025-01-07 13:20,DVC-009,72.9620015610924,1.46,0.11606772488814111,3.341203303796948,5332,0,1.0933333333333333
2025-01-07 13:30,DVC-001,75.38840182564269,0.72,0.21227320621277218,11.3992334370595,3964,0,0.7166666666666667
2025-01-07 13:40,DVC-005,78.24219438722507,0.71,0.24793350026849512,37.07312899378786,5385,0,0.8366666666666668
2025-01-07 13:50,DVC-001,73.41648612566159,0.69,0.23743786385725596,16.785600695767826,4017,1,0.68
2025-01-07 14:00,DVC-003,75.79399059774704,0.77,0.17533837272903086,-1.0518927437771124,4497,0,0.7133333333333333
2025-01-07 14:10,DVC-008,77.73003074832805,0.59,0.3601911843842651,20.37778914060216,6694,0,0.6333333333333333
2025-01-07 14:20,DVC-010,73.1121052513415,1.24,0.2180501343510856,-14.5824515994697,6110,1,0.9833333333333334
2025-01-07 14:30,DVC-002,71.36659091024465,1.13,0.33955532038256536,27.819973808025615,5853,1,0.9800000000000001
2025-01-07 14:40,DVC-001,73.84,0.55,0.198,6.0,4080,1,0.6533333333333333
2025-01-07 14:50,DVC-002,72.11920865973774,0.77,0.3412647410615472,28.523072471807794,5874,0,0.9400000000000003
2025-01-07 15:00,DVC-007,74.63620365813837,0.96,0.1555115794880394,35.79369703171178,6477,0,0.9933333333333332
2025-01-07 15:10,DVC-008,76.12222730382275,0.65,0.31701086822159275,28.147495765681423,6722,0,0.6566666666666666
2025-01-07 15:20,DVC-008,75.67455507388821,1.05,0.28884778394548966,36.8786148978228,6816,1,0.7633333333333333
2025-01-07 15:30,DVC-010,76.45288122052958,0.85,0.15990357525034748,-15.996746539137918,6151,0,1.0
2025-01-07 15:40,DVC-007,74.56,0.67,0.111,40.8,6561,1,0.9299999999999997
2025-01-07 15:50,DVC-002,72.22,1.08,0.289,36.7,5923,0,0.9933333333333335
2025-01-07 16:00,DVC-008,71.02,1.04,0.237,50.5,6890,0,0.9133333333333334
2025-01-07 16:10,DVC-007,73.56,0.98,0.126,33.1,6610,0,0.8699999999999998
2025-01-07 16:20,DVC-010,75.84,0.71,0.157,-25.1,6211,0,0.9333333333333332
2025-01-07 16:30,DVC-007,71.27,1.07,0.125,41.0,6709,0,0.9066666666666666
2025-01-07 16:40,DVC-007,76.3,1.04,0.139,36.8,6771,0,1.03
2025-01-07 16:50,DVC-006,72.14,0.46,0.134,46.4,4309,0,0.7533333333333333
2025-01-07 17:00,DVC-004,72.77,0.76,0.211,21.7,4965,0,0.8533333333333335
2025-01-07 17:10,DVC-007,75.73,1.34,0.134,48.0,6789,0,1.1500000000000001
2025-01-07 17:20,DVC-010,74.17,0.89,0.132,-13.7,6228,0,0.8166666666666668
2025-01-07 17:30,DVC-005,69.39,0.85,0.238,29.3,5434,0,0.8066666666666668
2025-01-07 17:40,DVC-004,73.27,0.77,0.225,12.7,4977,0,0.8533333333333335
2025-01-07 17:50,DVC-006,75.84,0.42,0.153,54.5,4394,0,0.6533333333333333
2025-01-07 18:00,DVC-010,73.8,0.53,0.162,-13.6,6274,0,0.71
2025-01-07 18:10,DVC-001,70.73,0.86,0.233,14.8,4157,0,0.6999999999999998
2025-01-07 18:20,DVC-001,73.12,0.65,0.215,12.7,4216,0,0.6866666666666666
2025-01-07 18:30,DVC-009,74.34,0.76,0.109,-13.1,5413,0,1.11
2025-01-07 18:40,DVC-002,75.16505919360131,1.01,0.3383297048165751,23.221102275997453,6017,0,0.9533333333333335
2025-01-07 18:50,DVC-006,74.05402962843979,1.05,0.19200779855644676,42.61268978388897,4455,0,0.6433333333333332
2025-01-07 19:00,DVC-003,74.78554967332566,0.68,0.1547208088930348,-8.271321421810734,4555,0,0.7599999999999999
2025-01-07 19:10,DVC-003,72.63,0.46,0.098,7.8,4602,1,0.6366666666666666
2025-01-07 19:20,DVC-005,74.53121575304938,0.98,0.2748074486751848,24.618779439686705,5484,0,0.8466666666666668
2025-01-07 19:30,DVC-009,77.55410710512754,1.19,0.15556209686812592,-17.08325253023711,5438,0,1.1366666666666665
2025-01-07 19:40,DVC-004,75.7919389534125,1.15,0.30336883241855506,10.234381463303938,5010,0,0.8933333333333334
2025-01-07 19:50,DVC-004,73.35886744717956,0.9,0.27373632153255534,11.31741402016727,5088,1,0.9400000000000001
2025-01-07 20:00,DVC-002,70.46,0.8,0.301,33.0,6040,1,0.9633333333333335
2025-01-07 20:10,DVC-007,75.77977914624405,1.02,0.17622679942903302,34.12013073319872,6865,0,1.133333333333333
2025-01-07 20:20,DVC-003,75.18017533226268,0.73,0.12333361026496528,6.689677762071552,4665,0,0.6233333333333332
2025-01-07 20:30,DVC-008,75.53386863271527,1.09,0.2749366513337408,35.95115543424867,6930,0,1.0600000000000003
2025-01-07 20:40,DVC-003,74.69,0.7,0.111,8.2,4739,1,0.6299999999999998
2025-01-07 20:50,DVC-003,74.05,0.35,0.092,8.2,4766,0,0.5933333333333332
2025-01-07 21:00,DVC-010,73.04655318376278,0.92,0.1678189298756324,-20.372107870570545,6355,0,0.7800000000000001
2025-01-07 21:10,DVC-007,74.47327361203463,0.87,0.17702196801837242,23.056638647159723,6909,0,1.0766666666666664
2025-01-07 21:20,DVC-001,70.52906295300545,0.95,0.2513113224077952,2.4738520342183747,4282,0,0.82
2025-01-07 21:30,DVC-001,71.09,0.74,0.197,20.7,4344,1,0.7799999999999999
2025-01-07 21:40,DVC-009,74.12109543554789,0.84,0.1332857878263961,-17.05569406483071,5501,1,0.9299999999999998
2025-01-07 21:50,DVC-003,75.33840769263409,0.6,0.1417909797502364,10.117562859873322,4806,0,0.5499999999999998
2025-01-07 22:00,DVC-001,73.11942135975302,0.9,0.2525462470155009,9.81493471429909,4364,0,0.8633333333333333
2025-01-07 22:10,DVC-006,71.64,1.01,0.151,40.0,4486,1,0.8266666666666665
2025-01-07 22:20,DVC-007,73.86,0.87,0.126,34.8,6919,0,0.9199999999999999
2025-01-07 22:30,DVC-004,71.9,1.42,0.227,17.8,5186,0,1.1566666666666667
